Rec_1_color_r,Rec_1_color_g,Rec_1_color_b,Rec_2_color_r,Rec_2_color_g,Rec_2_color_b,Rec_3_color_r,Rec_3_color_g,Rec_3_color_b,concentration
253.8233597,216.071858,58.24778617,254.2201684,251.3236784,134.024477,111.6793986,146.7816129,118.3103032,5.00E-05
253.8278297,215.9027557,58.37149934,254.2695012,251.5001979,133.6423702,112.0144311,146.7514389,118.4571367,5.00E-05
253.8443547,215.7264441,58.03723315,254.218088,251.4389652,133.6434002,111.6793986,146.7816129,118.5147073,5.00E-05
253.8023407,216.071858,58.22158266,254.2327214,251.4954911,133.6434002,111.2821899,146.8002387,118.4571367,5.00E-05
253.8233597,215.9027557,58.03723315,254.2175387,251.4358266,134.1325037,111.7035034,146.6813795,118.7404557,5.00E-05
253.7865265,216.0045411,58.02205767,254.2411858,251.3578435,132.9493375,111.7903148,146.8433282,118.7404557,5.00E-05
253.8486099,215.761524,58.41122782,254.2175387,251.4389652,133.7737514,111.5184634,146.765409,118.3103032,5.00E-05
253.8023407,216.1329522,58.24778617,254.2413141,251.3578435,134.0471976,111.7035034,146.6813795,118.2577952,5.00E-05
253.8023407,216.1329522,58.33147622,254.2695012,251.4207803,133.6434002,111.6793986,146.8044142,118.4571367,5.00E-05
253.8443547,215.9413872,58.43265164,254.2288553,251.4538365,134.0471976,111.6669647,146.6813795,118.7404557,5.00E-05
253.788887,215.761524,58.33147622,254.2175387,251.4954911,134.024477,111.9620032,146.9200685,118.8708594,5.00E-05
253.8233597,215.8012535,58.3885035,254.2705896,251.5001979,134.0471976,111.7903148,146.8969552,119.0541345,5.00E-05
253.8261139,216.0045411,58.22158266,254.2375565,251.3290138,133.7737514,112.0144311,146.7578918,118.8708594,5.00E-05
253.8457999,216.1329522,58.41122782,254.2327214,251.433574,134.1665,111.8169675,146.765409,118.723471,5.00E-05
253.8221363,216.0045411,58.47964585,254.2375565,251.4358266,133.6423702,111.7783815,146.765409,118.3103032,5.00E-05
253.8273317,215.8012535,58.3885035,254.2364603,251.4389652,133.7737514,111.5184634,146.8920844,118.8564742,5.00E-05
253.8278297,215.7264441,58.50032212,254.2201684,251.4358266,134.0910722,111.6793986,146.8920844,118.3103032,5.00E-05
253.8023407,215.8923125,58.43265164,254.2327214,251.4538365,133.6433415,111.7903148,146.6813795,118.2577952,5.00E-05
253.8273317,215.9027557,58.1294014,254.2577297,251.4358266,134.1325037,111.6793986,146.8612835,118.851459,5.00E-05
253.7708178,216.0126056,58.03723315,254.2413141,251.4207803,134.1665,112.0144311,146.765409,118.8564742,5.00E-05
253.8233597,215.9413872,58.33147622,254.2288553,251.4538365,133.7737514,111.2821899,146.8433282,119.0354424,5.00E-05
253.7708178,216.071858,58.03723315,254.2577297,251.433574,134.024477,111.7903148,146.6655066,118.6834647,5.00E-05
253.8081182,215.9027557,58.50032212,254.2489461,251.4358266,133.3284708,111.5184634,146.8969552,118.4241026,5.00E-05
253.8221363,215.9027557,58.43265164,254.2411858,251.4954911,132.9493375,111.5440278,146.7578918,119.0354424,5.00E-05
253.8273317,215.9027557,58.22158266,254.2413141,251.5136113,133.6423702,111.7168353,146.8002387,118.2245347,5.00E-05
253.8233597,215.8012535,58.33147622,254.2201684,251.4538365,134.1325037,111.7035034,146.8920844,118.5147073,5.00E-05
253.7865265,216.0045411,58.43265164,254.2695012,251.3236784,133.5046309,111.7783815,146.7816129,118.6490632,5.00E-05
253.8023407,216.0045411,58.24778617,254.2302245,251.4538365,132.9493375,111.5440278,146.7578918,118.8564742,5.00E-05
253.7915769,215.9657942,57.72049045,254.2288553,251.3602231,134.0847288,111.8169675,146.8612835,118.2577952,5.00E-05
253.7708178,215.9413872,58.37149934,254.2175387,251.4207803,134.2061009,111.6669647,146.8920844,118.3103032,5.00E-05
253.7708178,216.071858,58.31242197,254.218088,251.5653488,134.0847288,112.0144311,146.765409,119.0541345,5.00E-05
253.8443547,215.761524,58.3885035,254.218088,251.3602231,133.3284708,111.5184634,146.7514389,118.6834647,5.00E-05
253.7915769,215.9657942,58.31242197,254.218088,251.3578435,133.6434002,111.510912,146.8002387,119.0354424,5.00E-05
253.8233597,215.9256043,57.72049045,254.2288553,251.3290138,134.2061009,112.0144311,146.8987873,118.723471,5.00E-05
253.8233597,215.761524,58.22158266,254.2412689,251.3578435,133.5046309,111.5440278,146.7514389,118.8564742,5.00E-05
253.8221363,216.071858,58.24778617,254.2411858,251.4206855,133.5046309,111.7783815,146.7816129,118.8564742,5.00E-05
253.8443547,215.761524,58.41122782,254.2413141,251.5136113,133.3284708,111.7783815,146.6813795,118.6490632,5.00E-05
253.8457999,216.1870445,58.31242197,254.2413141,251.3602231,133.7967685,111.7035034,146.6813795,119.0354424,5.00E-05
253.8457999,215.761524,58.47964585,254.2695012,251.5136113,133.6423702,111.7139598,146.6655066,119.0354424,5.00E-05
253.788887,215.7264441,58.31242197,254.2288553,251.433574,134.0847288,111.8169675,146.8920844,118.7404557,5.00E-05
253.8486099,216.071858,58.3885035,254.2175387,251.5136113,132.9493375,111.6669647,146.8044142,118.5147073,5.00E-05
253.7865265,216.1870445,58.1294014,254.2695012,251.5136113,133.5046309,111.5440278,146.9200685,119.0354424,5.00E-05
253.7708178,216.1870445,58.41122782,254.2288553,251.4954911,134.1325037,111.7783815,146.8920844,118.6490632,5.00E-05
253.788887,215.9413872,58.24778617,254.2302245,251.4389652,134.1325037,111.8169675,146.8987873,119.0541345,5.00E-05
253.7915769,216.0597365,58.02205767,254.2413141,251.3236784,134.1665,111.7168353,146.6813795,118.7404557,5.00E-05
253.788887,216.1870445,58.1294014,254.218088,251.433574,134.0471976,111.7903148,146.7514389,118.8564742,5.00E-05
253.8261139,215.9413872,58.02205767,254.2327214,251.3290138,133.7737514,111.6669647,146.765409,118.8564742,5.00E-05
253.8278297,216.1870445,58.02205767,254.2705896,251.4538365,134.1665,111.8169675,146.9200685,118.2245347,5.00E-05
253.8081182,216.1329522,58.37149934,254.2288553,251.3578435,133.6434002,111.6793986,146.7185712,118.4571367,5.00E-05
253.8221363,216.0126056,58.43265164,254.2375565,251.4538365,134.0847288,111.2821899,146.8002387,118.4571367,5.00E-05
253.7708178,216.0045411,58.3885035,254.2413141,251.433574,134.0910722,111.6265924,146.8433282,119.0541345,5.00E-05
253.788887,216.0045411,58.24778617,254.2695012,251.4389652,133.7967685,111.7035034,146.8612835,118.2245347,5.00E-05
253.8221363,216.1329522,58.47964585,254.2175387,251.5073038,133.6433415,111.5440278,146.9200685,118.7404557,5.00E-05
253.7708178,215.8923125,58.31242197,254.2695012,251.3602231,134.2061009,111.7783815,146.8044142,118.5147073,5.00E-05
253.8457999,215.9215678,58.03723315,254.2705896,251.4206855,133.7737514,111.7139598,146.8002387,118.2245347,5.00E-05
253.8404839,215.9413872,58.50032212,254.218088,251.4954911,133.5046309,111.7139598,146.6655066,118.6834647,5.00E-05
253.8404839,215.9027557,58.24778617,254.2364603,251.4954911,132.9493375,111.5440278,146.9200685,118.3103032,5.00E-05
253.8233597,216.0126056,58.24778617,254.2302245,251.4389652,133.7967685,111.6265924,146.8002387,119.0541345,5.00E-05
253.8221363,215.761524,58.22158266,254.2201684,251.5136113,132.9493375,111.9620032,146.9200685,118.6490632,5.00E-05
253.7708178,215.7264441,58.31242197,254.2413141,251.3578435,133.7737514,111.7035034,146.8987873,118.851459,5.00E-05
253.7915769,215.9027557,58.24778617,254.2175387,251.3236784,133.7737514,111.510912,146.8969552,118.3103032,5.00E-05
253.8457999,215.761524,58.47964585,254.2489461,251.3602231,134.0910722,111.7035034,146.9200685,118.851459,5.00E-05
253.8457999,216.0045411,58.41122782,254.2695012,251.5001979,134.1325037,111.5184634,146.8920844,118.6834647,5.00E-05
253.8486099,215.9256043,58.3885035,254.2489461,251.3290138,133.6434002,111.7783815,146.8987873,118.8708594,5.00E-05
253.8233597,216.1329522,58.50032212,254.2201684,251.4358266,133.6434002,111.7139598,146.8969552,118.4571367,5.00E-05
253.8486099,216.0126056,58.22158266,254.2695012,251.4538365,133.6434002,111.5440278,146.765409,118.4571367,5.00E-05
253.8081182,215.8012535,58.37149934,254.2412689,251.5001979,134.024477,111.6265924,146.8044142,118.2577952,5.00E-05
253.8457999,216.0597365,58.47964585,254.2411858,251.3602231,133.5046309,111.5184634,146.9200685,118.8564742,5.00E-05
253.7865265,216.0126056,58.24778617,254.2201684,251.5001979,133.6433415,111.5184634,146.765409,118.2577952,5.00E-05
253.8081182,215.9027557,58.34334784,254.218088,251.4389652,133.3284708,111.7783815,146.7514389,118.3103032,5.00E-05
253.8486099,216.1329522,58.02205767,254.218088,251.5136113,134.1325037,111.7903148,146.7514389,118.6490632,5.00E-05
253.7915769,215.8012535,58.3885035,254.2413141,251.4207803,134.0471976,111.6793986,146.8987873,118.8564742,5.00E-05
253.8233597,216.0126056,58.33147622,254.2375565,251.4207803,133.6434002,111.5440278,146.8433282,118.7404557,5.00E-05
253.7915769,216.071858,58.41122782,254.2411858,251.4954911,134.0910722,111.7168353,146.7514389,118.4241026,5.00E-05
253.8273317,215.8923125,58.31242197,254.2695012,251.3236784,133.5046309,111.7035034,146.7514389,118.2577952,5.00E-05
253.8261139,216.0597365,58.3885035,254.2201684,251.4538365,134.0847288,111.7783815,146.8044142,119.0354424,5.00E-05
253.8221363,216.071858,58.24778617,254.2375565,251.4206855,133.5046309,111.510912,146.8987873,118.6834647,5.00E-05
253.788887,215.9413872,57.72049045,254.2175387,251.5001979,133.5046309,111.6265924,146.8612835,118.6834647,5.00E-05
253.7708178,215.9215678,57.72049045,254.2364603,251.5653488,133.7967685,111.2821899,146.7514389,119.0541345,5.00E-05
253.8404839,215.761524,58.22158266,254.2288553,251.3602231,134.0471976,111.5440278,146.6813795,118.2245347,5.00E-05
253.8221363,215.9215678,58.1294014,254.2375565,251.4358266,133.6423702,111.510912,146.6655066,118.723471,5.00E-05
253.788887,216.1870445,57.72049045,254.2302245,251.4206855,134.0910722,111.6669647,146.7185712,118.2577952,5.00E-05
253.8023407,215.9027557,58.34334784,254.2175387,251.5073038,133.5046309,112.0144311,146.7514389,119.0354424,5.00E-05
253.8457999,216.0126056,58.03723315,254.2411858,251.3236784,134.1325037,111.6669647,146.8433282,118.6490632,5.00E-05
253.8443547,215.9215678,58.03723315,254.2327214,251.433574,133.6423702,111.6669647,146.8987873,119.0541345,5.00E-05
253.7865265,216.0597365,58.47964585,254.2375565,251.3290138,133.6434002,111.510912,146.8433282,119.0541345,5.00E-05
253.8404839,216.071858,58.02205767,254.2577297,251.3578435,134.1325037,111.5440278,146.8002387,118.8708594,5.00E-05
253.8486099,216.1329522,58.3885035,254.2327214,251.3602231,132.9493375,111.6669647,146.8002387,118.2577952,5.00E-05
253.788887,215.8923125,58.47964585,254.2413141,251.3236784,132.9493375,111.8169675,146.8920844,118.4571367,5.00E-05
253.8081182,215.8923125,58.02205767,254.2577297,251.5001979,134.1325037,111.9620032,146.8920844,118.3103032,5.00E-05
253.7915769,216.0045411,58.33147622,254.2175387,251.4389652,134.024477,111.7168353,146.765409,118.4571367,5.00E-05
253.8404839,215.7264441,58.47964585,254.2411858,251.3236784,133.6434002,112.0144311,146.8612835,118.6834647,5.00E-05
253.8443547,216.071858,58.37149934,254.2288553,251.4358266,134.024477,111.5184634,146.8987873,118.851459,5.00E-05
253.8233597,216.071858,58.1294014,254.2302245,251.4389652,134.2061009,111.7035034,146.7185712,118.851459,5.00E-05
253.788887,216.0597365,58.37149934,254.2413141,251.5001979,134.1325037,111.5440278,146.6813795,119.0541345,5.00E-05
253.8273317,215.8012535,58.31242197,254.2364603,251.5136113,133.6433415,112.0144311,146.7816129,118.8708594,5.00E-05
253.8233597,216.071858,58.33147622,254.2411858,251.3290138,133.3284708,111.7783815,146.8433282,118.851459,5.00E-05
253.7915769,216.1329522,58.31242197,254.2577297,251.5653488,133.5046309,111.510912,146.8044142,118.3103032,5.00E-05
253.8221363,216.1870445,58.41122782,254.2695012,251.3602231,133.5046309,111.6669647,146.6655066,118.2577952,5.00E-05
253.8273317,215.9256043,58.50032212,254.2695012,251.433574,133.3284708,111.6793986,146.8969552,118.2245347,5.00E-05
253.7922504,216.8559677,58.14028137,234.6165332,214.8908657,154.9875783,77.12344949,121.2113179,164.5776437,0.0005
253.8275532,217.0441917,57.86713485,234.764695,215.2782111,154.9875783,76.74057404,120.9871679,164.2350337,0.0005
253.8209151,217.0441917,58.15824091,235.1837696,215.188618,155.569563,77.16825779,121.067198,164.8572099,0.0005
253.8201458,217.0984185,57.8915211,234.6959068,214.9304246,155.2854895,77.06054937,121.0556813,164.7154645,0.0005
253.819793,216.5049635,58.17435881,234.6165332,214.9714523,155.3994479,77.35657767,120.9084099,164.6902583,0.0005
253.7820734,216.8559677,58.17435881,234.5759798,215.2782111,154.8424944,77.18044141,120.9831239,164.2350337,0.0005
253.8191737,216.8548635,57.92154147,234.757673,214.9892815,155.0640964,77.11774374,121.2458578,164.5812035,0.0005
253.8191737,217.0441917,57.8915211,234.5024613,215.0929225,155.4117493,77.14503319,121.1514301,164.7597196,0.0005
253.8201458,216.6719445,57.69338396,234.349252,214.9768418,155.3940159,77.32430681,121.0591931,164.7605803,0.0005
253.7820734,216.8559677,57.92154147,235.079351,214.9495661,155.3994479,77.11774374,121.067198,164.7605803,0.0005
253.819793,216.8559677,57.8915211,234.6165332,214.9304246,154.9875783,77.14503319,120.9831239,164.6902583,0.0005
253.819793,216.5049635,57.7147833,234.349252,214.9714523,155.2807,77.35657767,121.3178071,164.5776437,0.0005
253.8275532,216.8044543,58.00240424,235.1837696,214.9768418,155.569563,77.18044141,121.2458578,164.5027556,0.0005
253.7820734,216.8548635,57.85902988,234.5811344,215.2782111,154.8424944,76.86697209,121.2458578,164.8572099,0.0005
253.8536503,216.8480536,57.7147833,234.7172263,215.2450064,155.3994479,77.32430681,121.0556813,165.0738734,0.0005
253.819793,217.0400558,58.00240424,234.6959068,214.8754011,155.2854895,77.11774374,121.2637077,164.5027556,0.0005
253.8191737,216.5941847,57.90010396,234.91129,215.2782111,155.912613,77.12344949,121.0591931,164.2168613,0.0005
253.7896266,216.8593984,57.85902988,234.5759798,215.2450064,155.0640964,77.4330646,121.2458578,164.2350337,0.0005
253.8536503,216.8559677,57.9468306,233.8513786,214.9714523,154.8424944,76.74057404,121.3178071,165.0738734,0.0005
253.8335404,216.8480536,58.17435881,234.5811344,215.2782111,154.8110392,77.14503319,121.014358,164.5027556,0.0005
253.7896266,216.5941847,57.85902988,234.764695,214.9708953,155.2807,77.4330646,121.2113179,164.2350337,0.0005
253.7896266,217.0984185,57.85902988,234.4664726,215.0929225,155.1867683,77.4330646,121.0591931,165.0738734,0.0005
253.8335404,216.5049635,58.17435881,234.5024613,214.8908657,155.912613,76.74057404,120.9871679,164.7597196,0.0005
253.7820734,216.7665543,57.72058064,235.079351,215.0929225,155.912613,77.25681727,121.0556813,164.5776437,0.0005
253.8149261,216.6719445,58.14028137,235.079351,214.8908657,155.0640964,76.74057404,121.0556813,165.0738734,0.0005
253.8209151,216.707511,57.86713485,235.1837696,214.9316666,155.2854895,77.25681727,120.9631215,164.7154645,0.0005
253.8209151,217.0400558,57.79950919,234.764695,214.9714523,155.0640964,77.12344949,121.1514301,164.7154645,0.0005
253.8166905,217.0441917,58.15824091,234.91129,214.9304246,155.4934087,77.25681727,121.067198,164.730501,0.0005
253.8209151,217.0400558,57.92154147,234.757673,215.188618,155.3940159,77.06054937,120.9831239,164.5812035,0.0005
253.7922504,216.8548635,58.17435881,234.349252,214.9316666,155.4117493,77.26989453,120.9084099,164.9417443,0.0005
253.7922504,216.7665543,57.79950919,234.349252,215.2782111,154.8424944,77.11774374,120.9871679,164.7154645,0.0005
253.7896266,217.0441917,57.9468306,234.5024613,214.9495661,155.569563,76.86697209,121.0591931,164.8572099,0.0005
253.8275532,216.8593984,57.90010396,234.7172263,214.9708953,155.7323781,77.16825779,120.9871679,164.7597196,0.0005
253.7922504,217.0400558,57.79950919,235.079351,214.9892815,155.0640964,77.11774374,120.9631215,164.6902583,0.0005
253.8149261,216.8559677,57.90603966,234.3654819,215.1463387,154.8110392,77.25681727,120.9631215,164.7154645,0.0005
253.8201458,217.0400558,57.85902988,234.3654819,214.8908657,155.2854895,77.25429491,120.9631215,164.9417443,0.0005
253.7922504,216.6966536,58.17435881,234.5759798,214.9708953,155.5585934,77.14503319,121.0556813,164.730501,0.0005
253.8166905,217.110869,57.8915211,234.349252,214.9708953,155.7323781,76.74057404,120.9831239,164.701191,0.0005
253.7820734,216.8593984,57.90603966,234.349252,214.9714523,155.1867683,77.4330646,121.2637077,164.2350337,0.0005
253.7922504,216.8559677,58.17435881,234.6165332,214.9892815,154.9875783,77.16825779,121.3178071,164.8572099,0.0005
253.8209151,216.8044543,57.85902988,234.5811344,214.8908657,155.3994479,77.26112708,120.9631215,164.5812035,0.0005
253.819793,217.0441917,57.69338396,234.91129,214.9304246,155.7323781,77.14503319,121.2458578,165.0738734,0.0005
253.8166905,216.6719445,58.15824091,234.5759798,214.9304246,155.912613,77.25429491,120.9871679,164.7605803,0.0005
253.8536503,216.8593984,57.90603966,234.91129,214.9316666,155.4117493,77.25681727,120.9831239,164.5812035,0.0005
253.8536503,217.110869,57.92154147,234.4664726,214.9495661,155.0640964,77.12344949,120.9084099,164.8572099,0.0005
253.8175431,216.8044543,58.14028137,234.3654819,214.9714523,155.0640964,76.74057404,121.067198,164.8572099,0.0005
253.7922504,217.0984185,58.15824091,234.764695,214.9708953,155.2854895,77.18044141,121.1514301,164.5027556,0.0005
253.8201458,216.8559677,57.9468306,234.764695,215.2450064,155.0640964,77.26989453,120.9084099,164.8572099,0.0005
253.8335404,216.8559677,57.90603966,235.079351,214.8908657,154.8424944,77.11774374,121.2458578,164.6902583,0.0005
253.8275532,216.8593984,58.15824091,234.757673,214.9768418,155.2854895,77.26989453,121.0801235,164.701191,0.0005
253.8201458,216.8548635,58.15824091,233.8513786,214.9304246,154.8424944,77.18044141,121.1514301,164.9417443,0.0005
253.8201458,216.8593984,58.17435881,234.764695,215.188618,155.1867683,76.74057404,121.1514301,164.730501,0.0005
253.8275532,216.6719445,57.85902988,234.757673,215.0929225,154.9875783,77.14503319,121.2458578,164.701191,0.0005
253.8335404,217.0400558,57.79950919,235.1837696,214.9304246,155.2807,76.86697209,121.3178071,164.5812035,0.0005
253.8335404,216.8480536,57.92154147,234.4664726,214.9892815,155.0640964,77.26112708,121.2637077,165.0738734,0.0005
253.8536503,216.5049635,57.7147833,234.4664726,214.9714523,154.9875783,77.25429491,120.9871679,164.2168613,0.0005
253.819793,217.110869,57.90010396,234.3654819,214.8880966,155.1867683,77.35657767,121.0556813,164.6902583,0.0005
253.8275532,216.6719445,57.90010396,234.4664726,214.8908657,154.8110392,77.14503319,121.0556813,164.7597196,0.0005
253.8149261,216.8593984,57.86713485,234.3654819,214.9708953,155.5585934,77.26989453,120.9631215,164.7154645,0.0005
253.8335404,216.8044543,58.15824091,235.079351,214.9316666,155.3994479,77.14503319,121.2458578,164.730501,0.0005
253.8175431,216.6719445,57.9468306,234.6165332,214.9304246,155.4117493,77.25429491,121.1514301,164.5027556,0.0005
253.8275532,217.0441917,57.7147833,234.5811344,214.9304246,155.2807,77.35657767,121.067198,164.7597196,0.0005
253.8335404,216.6966536,58.00240424,234.3654819,215.188618,155.569563,77.4330646,121.0556813,164.5027556,0.0005
253.8149261,217.0984185,57.86713485,234.5811344,215.0929225,155.7323781,77.4330646,121.2458578,164.9417443,0.0005
253.8191737,216.8559677,58.00240424,234.757673,214.8880966,155.5585934,76.86697209,120.9831239,165.0738734,0.0005
253.8306336,217.0984185,57.8915211,234.349252,214.9304246,155.2854895,77.25681727,121.2113179,164.5812035,0.0005
253.8536503,216.5941847,58.15824091,234.6959068,214.9316666,155.7323781,77.16825779,121.0801235,164.2562182,0.0005
253.8201458,217.110869,58.17435881,234.5024613,214.9304246,155.3994479,77.26989453,121.0591931,164.730501,0.0005
253.7820734,217.0984185,57.86713485,234.7172263,214.9495661,155.5585934,77.26112708,121.0591931,164.5027556,0.0005
253.8149261,217.0400558,58.15824091,234.7172263,214.8754011,155.7323781,77.26112708,121.014358,164.9417443,0.0005
253.8335404,216.5049635,57.90010396,234.5759798,215.188618,155.3940159,77.35657767,121.0556813,164.9417443,0.0005
253.8175431,216.6966536,57.90603966,234.764695,214.9714523,154.8110392,77.4330646,121.0591931,164.5027556,0.0005
253.8335404,216.6719445,57.9468306,234.757673,215.2782111,155.7323781,77.14503319,121.3178071,164.2168613,0.0005
253.7922504,216.8480536,57.8915211,234.4664726,214.9316666,154.9875783,76.86697209,121.067198,164.2168613,0.0005
253.8249826,216.5941847,57.8915211,233.8513786,214.9892815,155.2854895,77.35657767,121.1909144,164.7154645,0.0005
253.7922504,216.7665543,57.9468306,234.5759798,214.9714523,155.5585934,77.4330646,120.9871679,164.8572099,0.0005
253.8209151,216.7665543,57.79950919,234.5811344,214.9495661,154.8424944,77.18044141,121.014358,164.730501,0.0005
253.8249826,216.5941847,57.8915211,234.349252,214.9768418,155.3940159,77.26112708,121.014358,164.5027556,0.0005
253.8249826,216.8548635,57.69338396,234.91129,215.0929225,155.1867683,77.26989453,121.2458578,164.5027556,0.0005
253.8249826,217.110869,58.00240424,235.1837696,215.2450064,154.9875783,77.18044141,121.067198,164.5027556,0.0005
253.8166905,216.7665543,57.90603966,234.764695,214.9316666,155.912613,77.35657767,121.067198,165.0738734,0.0005
253.8209151,216.5049635,57.90010396,234.91129,214.8908657,154.9875783,77.26989453,121.3178071,164.5776437,0.0005
253.8175431,216.5049635,57.92154147,234.6165332,214.9304246,155.3940159,77.32430681,120.9084099,164.2562182,0.0005
253.8201458,216.8593984,57.9468306,234.6165332,214.8754011,155.569563,77.06054937,121.067198,164.701191,0.0005
253.8201458,216.8480536,57.9468306,234.6165332,214.9316666,155.2854895,77.25681727,120.9631215,164.2562182,0.0005
253.819793,216.8559677,57.92154147,233.8513786,214.9708953,154.8110392,76.74057404,121.1909144,164.2168613,0.0005
253.8166905,216.8044543,58.15824091,234.757673,214.8880966,154.8110392,76.86697209,121.014358,164.9417443,0.0005
253.8536503,216.8480536,57.79950919,235.1837696,215.188618,155.569563,77.14503319,120.9631215,164.701191,0.0005
253.8275532,216.8480536,57.72058064,234.6959068,214.8880966,155.2807,77.12344949,121.0556813,164.5027556,0.0005
253.7922504,216.6966536,57.79950919,234.764695,215.1463387,155.3940159,77.4330646,121.3178071,164.2562182,0.0005
253.8275532,216.8044543,57.92154147,234.349252,214.9708953,155.912613,76.74057404,120.9084099,164.7154645,0.0005
253.8201458,216.6719445,58.00240424,234.5759798,214.9768418,155.0640964,77.26989453,121.0801235,164.7154645,0.0005
253.819793,216.6966536,57.8915211,234.5759798,214.9304246,154.8424944,77.16825779,121.1514301,164.9417443,0.0005
253.7922504,216.5941847,57.7147833,234.6165332,214.9708953,155.0640964,77.26989453,120.9631215,164.2562182,0.0005
253.8149261,217.0984185,57.8915211,235.079351,214.9495661,155.7323781,77.06054937,121.014358,164.2350337,0.0005
253.8275532,216.8044543,57.79950919,234.6959068,214.9495661,155.7323781,77.25429491,120.9631215,165.0738734,0.0005
253.819793,216.6719445,57.72058064,234.5024613,215.1463387,155.2807,77.11774374,120.9631215,164.9417443,0.0005
253.7896266,217.0984185,58.14028137,234.6959068,214.9768418,155.3994479,77.06054937,121.3178071,164.9417443,0.0005
253.7896266,216.5049635,57.79950919,235.079351,214.9768418,155.3940159,77.4330646,121.3178071,164.7154645,0.0005
253.7896266,216.707511,58.00240424,234.5759798,214.9304246,154.9875783,77.11774374,121.1514301,164.730501,0.0005
253.8200381,214.6108429,64.96158383,211.8961384,199.6720854,169.615337,74.2215511,123.5059159,174.7299734,0.001
253.8253931,214.7748421,64.95118927,211.8538042,199.7838692,169.6306655,74.27517071,123.5059159,174.9097823,0.001
253.8259504,214.4445246,65.44094352,212.031948,199.5634,169.353566,74.32527746,123.4601186,175.343483,0.001
253.7964778,214.4652692,65.47405453,212.1608669,199.5510277,169.2025854,74.25533268,123.3579642,175.1441466,0.001
253.8060433,214.6108429,65.79228874,212.0384098,199.8648613,169.6306655,74.03508929,123.3579642,175.2752894,0.001
253.8452912,214.7670736,65.15601392,211.9589749,199.6518089,169.615337,74.2025798,123.4601186,175.1412381,0.001
253.8259504,214.4323372,65.47405453,212.0932514,199.6033187,170.1222116,74.2025798,123.4402755,174.9097823,0.001
253.8253931,214.7670736,65.66523863,211.9138512,199.7838692,169.276158,74.03508929,123.5681102,174.9097823,0.001
253.8296942,214.4445246,65.60355413,211.9269179,199.6720854,169.9224928,74.25533268,123.6344035,174.7451915,0.001
253.8395188,214.4652692,65.79228874,212.0596406,199.6720854,169.615337,74.2215511,123.4402755,175.0264749,0.001
253.8395396,214.5767414,64.96158383,211.9997978,199.6116663,169.6811986,74.18012657,123.4207043,175.0264749,0.001
253.8454465,214.4199448,65.47405453,211.8538042,199.6545649,170.183799,74.2215511,123.4362873,174.6114573,0.001
253.8116196,214.7811626,65.42098095,212.0932514,199.6518089,170.183799,74.22337999,123.5343538,174.5688343,0.001
253.812894,214.4652692,65.2518505,211.70841,199.4535758,169.2107977,74.2076038,123.4601186,175.343483,0.001
253.7964778,214.6186908,65.63819573,212.031948,199.9292726,169.9224928,73.99908913,123.5343538,174.5688343,0.001
253.8253931,214.4652692,65.39437136,211.8961384,199.5851316,170.0546016,74.27338188,123.4397116,175.343483,0.001
253.8452912,214.5359607,64.96158383,212.0109541,199.5780495,169.2107977,74.12046136,123.5059159,175.3573143,0.001
253.812894,214.7670736,65.66523863,211.8538042,199.6033187,169.59323,74.2076038,123.5343538,174.7451915,0.001
253.8200381,214.6108429,64.95118927,211.9589749,199.4535758,170.183799,73.94952006,123.6227309,175.343483,0.001
253.812894,214.5767414,65.79228874,211.9138512,199.8648613,169.6811986,73.99908913,123.3579642,174.7299734,0.001
253.8296942,214.7811626,65.42098095,212.1608669,199.6720854,169.615337,73.99908913,123.4402755,174.6964055,0.001
253.8259504,214.4445246,65.25945798,211.9589749,199.5510277,170.0546016,74.27517071,123.4168936,175.1441466,0.001
253.8259504,214.5767414,65.39437136,211.70841,199.9292726,169.6811986,74.2076038,123.4168936,174.7299734,0.001
253.812894,214.6186908,65.47405453,212.0596406,199.9292726,170.0546016,74.2215511,123.4397116,174.6964055,0.001
253.8060433,214.5359607,65.25945798,211.9997978,199.9292726,169.7252637,74.03508929,123.5119138,174.6114573,0.001
253.8006661,212.2009493,67.67054194,202.4880644,189.6340221,176.848026,72.24163006,121.807739,180.9918274,0.0015
253.7812604,212.1382045,68.03901573,202.3414121,189.4315716,176.778772,72.39114992,121.8990157,180.5911184,0.0015
253.7812604,212.3837241,67.63070281,201.6128604,189.6340221,176.7958049,72.16053516,121.7461796,180.4705596,0.0015
253.8008554,212.1382045,67.50282626,201.6792782,189.691717,175.9757222,72.16053516,121.807739,181.0433157,0.0015
253.8063822,212.3195738,67.57340567,202.1768575,189.3311019,176.4026974,72.22856019,121.6511846,180.9918274,0.0015
253.8063822,212.1382045,67.45651561,202.0874459,189.4315716,176.4855265,72.3696361,121.7662149,180.5902979,0.0015
253.8071527,212.269409,67.67054194,202.1768575,189.5469652,176.848026,72.16053516,121.8990157,180.8282313,0.0015
253.8226819,212.3265832,67.67054194,201.6128604,189.3723649,176.6539637,72.3696361,121.7461796,180.7113575,0.0015
253.8006661,212.2009493,67.45651561,202.5064708,189.3950818,176.4026974,72.22546711,121.7359563,180.5911184,0.0015
253.8349164,212.3265832,67.38059037,202.5064708,189.3950818,176.8799005,72.25729638,121.8090918,180.5911184,0.0015
253.8475406,212.3071223,67.78621494,202.3414121,189.3311019,176.1632756,72.16053516,121.8990157,180.5426823,0.0015
253.8110224,212.269409,67.50282626,201.7592035,189.4315716,176.5835942,72.39114992,121.9363635,180.77005,0.0015
253.8475406,212.2009493,67.45651561,201.7592035,189.4823412,176.7958049,72.40973104,121.9363635,180.9918274,0.0015
253.7812604,212.3265832,67.15989028,201.6792782,189.3950818,176.778772,72.28556368,121.9726381,180.8046834,0.0015
253.8004216,212.3765376,67.67054194,202.4880644,189.3541034,176.1632756,72.22546711,121.8090918,181.0433157,0.0015
253.8063822,212.3195738,67.71644312,202.2747338,189.4823412,176.8799005,72.22856019,121.8085937,181.0433157,0.0015
253.8226819,212.3196936,67.45343057,201.6792782,189.5469652,176.8799005,72.24163006,121.8540998,180.8282313,0.0015
253.8475406,212.5304131,68.03901573,201.6128604,189.6340221,176.5835942,72.22856019,121.8990157,180.8282313,0.0015
253.7812604,212.3071223,67.0733654,202.5064708,189.417077,176.4855265,72.3696361,121.7461796,180.6605175,0.0015
253.8268749,212.2009493,68.03901573,201.6792782,189.417077,176.1632756,72.16053516,121.807739,180.5426823,0.0015
253.8328515,212.3330647,67.45343057,202.5064708,189.6271739,176.5170897,72.16053516,121.6511846,180.7113575,0.0015
253.8008554,212.3196936,67.48614472,201.6792782,189.4823412,176.778772,72.3342824,121.6298734,181.0433157,0.0015
253.8063822,212.0926928,68.03901573,202.3414121,189.6271739,177.1630709,72.40973104,121.6828568,180.8282313,0.0015
253.8226819,212.4667036,67.45651561,202.2251783,189.3541034,176.4855265,72.3696361,121.6828568,181.141112,0.0015
253.8004216,212.3071223,67.71644312,201.6792782,189.4315716,177.0733055,72.16053516,121.6511846,181.141112,0.0015
253.2608853,208.2904033,71.16353593,191.1947985,177.717253,185.0664762,70.30370772,120.0900602,186.1930622,0.0025
253.3057009,208.3482282,71.30396941,191.292798,177.6001181,185.4805764,70.45896074,120.2504919,186.3689174,0.0025
253.2850012,208.2894476,71.16353593,191.4675031,177.3722646,185.3929325,70.23758925,120.0900602,186.3689174,0.0025
253.2850012,208.2325568,71.23045498,191.292798,177.3465516,185.2884887,70.23895948,120.0257608,186.6846475,0.0025
253.2531075,208.4263961,71.23045498,191.1162777,177.7189643,185.2750023,70.25904946,120.0442039,186.896638,0.0025
253.2608853,208.279898,71.47152464,191.3212726,177.717253,185.3054295,70.23895948,120.2763631,186.3689174,0.0025
253.341116,208.4618032,71.22216763,190.7192425,177.7189643,184.8290042,70.18741888,120.017958,186.6574489,0.0025
253.2594797,208.3518404,71.24866703,190.7192425,177.5310697,184.8464237,70.30163465,120.0257608,186.7279114,0.0025
253.2644547,208.3518404,71.26579445,191.6040012,177.717253,185.3577003,70.39288994,120.2763631,186.4576089,0.0025
253.3057009,208.3482282,71.47152464,190.95644,177.6001181,184.8290042,70.43053441,120.1820807,186.8111681,0.0025
253.2850012,208.3482282,71.22216763,190.9680239,177.6581043,185.1969188,70.50838882,120.2763631,186.6846475,0.0025
253.2665449,208.3702837,71.26579445,191.1162777,177.717253,185.2750023,70.50838882,120.2667232,186.855535,0.0025
253.2815355,208.4618032,71.2170978,190.8528679,177.5184456,185.3919473,70.25904946,120.0257608,186.7370189,0.0025
253.3430844,208.5057213,71.26123472,190.8528679,177.717253,185.2750023,70.27601023,120.2504919,186.8111681,0.0025
253.2815355,208.3518404,71.24866703,191.4675031,177.4764894,185.4805764,70.30163465,120.0900602,186.896638,0.0025
253.341116,208.2260928,71.30396941,191.4137474,177.5184456,185.3577003,70.50703283,120.0257608,186.7279114,0.0025
253.2764176,208.3518404,71.40351412,191.292798,177.5310697,185.0664762,70.39288994,120.2763631,186.4576089,0.0025
253.3271997,208.4618032,71.05635423,191.292798,177.3515256,185.2106059,70.43053441,120.1096141,186.7279114,0.0025
253.3271997,208.5057213,71.30396941,190.7192425,177.717253,185.2106059,70.44678013,120.0257608,186.4156694,0.0025
253.3057009,208.3542182,71.24866703,191.4137474,177.5310697,185.3929325,70.23758925,120.0291733,186.7920179,0.0025
253.2520874,208.2894476,71.05635423,191.3005987,177.3465516,185.3577003,70.44678013,120.1096141,186.6574489,0.0025
253.3430844,208.5057213,71.31945202,190.9680239,177.5190231,185.3929325,70.27601023,120.017958,186.6574489,0.0025
253.2644547,208.1110464,71.06259039,190.8528679,177.6581043,185.1447324,70.39288994,120.1635515,186.6574489,0.0025
253.2644547,208.5057213,71.22216763,191.3005987,177.5190231,184.7834332,70.27601023,120.1056088,186.6846475,0.0025
253.3271997,208.5057213,71.06259039,191.4137474,177.2808949,185.2750023,70.18741888,120.1635515,186.1930622,0.0025
250.2714841,206.507271,72.83902896,187.8050191,173.4845247,188.4563432,69.67656085,119.6830157,188.4332797,0.003
250.3165247,206.5419659,72.83902896,187.5479759,173.5352249,188.5932693,69.78511535,119.6800906,188.2498424,0.003
250.2714841,206.7078439,73.02214214,187.8679916,173.5631601,188.2324815,69.71258009,119.6815399,188.9077737,0.003
250.1587023,206.507271,72.50048981,187.3271529,173.4955243,188.4563432,69.63965066,119.6446007,188.2498424,0.003
250.4127243,206.507271,73.32177785,187.2159929,173.4845247,188.4628456,70.10873177,119.5887005,188.5317521,0.003
250.0900155,206.5999154,73.02214214,187.3839015,173.5156098,188.5776363,69.67596455,119.6121263,188.3006075,0.003
250.2491243,206.7078439,73.32177785,187.3958428,173.5963664,188.0178103,69.94561383,119.6446007,188.5569126,0.003
250.2491243,206.709695,73.32177785,187.9445255,173.3248425,188.9829642,69.63965066,119.5935446,188.8322484,0.003
250.4393886,206.5999154,73.02214214,187.8406996,173.6546531,188.4563432,69.70124421,119.661132,188.1877252,0.003
250.4127243,206.555041,73.01804888,187.6826441,173.4845247,188.6548315,69.80498132,119.5887005,188.2405793,0.003
250.2974218,206.4495281,72.83902896,187.5479759,173.6980507,188.1697203,69.88649856,119.759704,188.2405793,0.003
250.4052543,206.5745069,72.50048981,187.8406996,173.3248425,188.2324815,69.67656085,119.4217816,188.1877252,0.003
250.4661788,206.4979094,72.75809635,187.2159929,173.4845247,188.5776363,69.82086713,119.6147419,188.9077737,0.003
250.3165247,206.709695,72.84960127,187.5479759,173.4955243,188.1101425,69.88649856,119.6618558,188.5569126,0.003
250.1763968,206.5745069,72.57216773,187.6114504,173.7407705,188.2224339,69.71258009,119.759704,188.1877252,0.003
250.3165247,206.5824781,72.84960127,187.2159929,173.7687247,188.4628456,69.61217285,119.6618558,188.3006075,0.003
250.1587023,206.5824781,73.01804888,187.4970073,173.6546531,188.005713,69.71258009,119.6815399,188.1769299,0.003
250.1787303,206.7078439,72.84960127,187.3271529,173.5963664,188.4563432,69.67596455,119.6446007,188.2498424,0.003
250.1587023,206.507271,72.50048981,187.3839015,173.3248425,188.1101425,69.78511535,119.661132,188.3214172,0.003
250.2974218,206.5336532,72.57216773,187.5479759,173.3248425,188.1101425,69.61217285,119.6446007,188.5976073,0.003
250.1787303,206.4434861,72.57216773,187.5048446,173.5352249,188.005713,69.88649856,119.661132,188.3006075,0.003
250.4127243,206.555041,72.92153563,187.6114504,173.7687247,188.22804,69.70124421,119.5935446,188.3006075,0.003
250.0900155,206.5745069,72.83902896,187.9103358,173.3248425,188.2224339,70.10873177,119.6618558,188.5976073,0.003
250.4787277,206.4979094,73.02214214,187.5479759,173.5156098,188.6548315,69.94561383,119.759704,188.1877252,0.003
250.4661788,206.5824781,73.32177785,187.2159929,173.4955243,188.005713,69.94912147,119.6121263,188.5569126,0.003
239.5385878,203.1599308,75.65871341,181.9287906,167.4320792,193.5133881,69.11855729,118.9531584,191.3345235,0.004
239.7817365,203.1468546,75.4066872,182.0121626,167.4808802,193.5041666,68.81242017,118.7517155,191.2613359,0.004
239.9238563,203.1468546,75.27630543,182.1979622,167.6776032,193.9677626,69.00984117,118.8263589,190.9964477,0.004
239.7162863,203.1599308,75.27630543,182.1991074,167.6988891,194.0522838,69.10688166,118.9531584,191.2621904,0.004
239.5385878,203.072138,75.54469127,182.1979622,167.6776032,193.6761682,68.82490959,118.9320222,191.2613359,0.004
240.0314537,203.1767936,75.59750667,182.1991074,167.5469618,194.0013418,68.82490959,118.7525673,190.9623053,0.004
239.7799073,202.9888394,75.65871341,182.2323999,167.4320792,193.9808059,69.1361104,118.7525673,191.3345235,0.004
239.7547933,203.2129244,75.54469127,182.2570287,167.6218945,194.0013418,69.03618589,118.8972648,190.9623053,0.004
239.9238563,202.9589214,75.59750667,182.1798002,167.5565877,194.0522838,68.78628015,118.747943,191.3547472,0.004
239.9968501,203.2170411,75.66169432,181.7977747,167.5478357,193.9087715,68.80572913,118.9280116,191.2613359,0.004
239.7547933,203.072138,75.27630543,182.1979622,167.5957939,193.6761682,68.81242017,118.8927824,191.0464976,0.004
239.7547933,203.2170411,75.75853851,181.8770963,167.6218945,193.792114,69.06162721,118.8972648,191.1096831,0.004
239.6213049,203.1599308,75.59750667,181.8828605,167.5957939,193.9677626,68.78628015,118.9890976,191.0631938,0.004
239.6213049,203.0493031,75.23821266,182.1798002,167.6988891,193.6418509,68.82490959,118.8165693,191.3547472,0.004
239.604204,202.9888394,75.65871341,181.9461469,167.4808802,193.9564761,68.83906634,118.8263589,191.280957,0.004
240.091506,203.2170411,75.65871341,182.1798002,167.4320792,194.0522838,69.1361104,118.9280116,190.8855311,0.004
240.091506,203.1891742,75.6457936,182.2828629,167.6218945,193.9677626,68.83906634,118.8927824,191.1096831,0.004
239.6213049,202.9976341,75.27630543,182.2323999,167.6988891,193.9564761,69.1361104,118.8263589,191.4242398,0.004
239.8380594,203.072138,75.66169432,181.9461469,167.563709,193.9564761,68.78628015,118.9531584,191.280957,0.004
239.9210072,203.1891742,75.66169432,181.8770963,167.6988891,194.1602311,68.90074806,118.747943,191.232674,0.004
239.604204,202.9589214,75.65871341,182.2701306,167.6877298,193.9808059,68.80709278,118.8712328,191.2613359,0.004
239.6213049,203.072138,75.6457936,182.1549139,167.563709,193.6418509,69.11855729,118.9676673,191.3547472,0.004
239.7817365,203.1599308,75.57125844,182.2570287,167.6798079,193.9808059,68.75859754,118.8927824,191.4242398,0.004
239.7162863,203.1599308,75.4066872,182.1991074,167.6218945,194.0128818,69.11855729,118.9687016,190.8855311,0.004
239.7162863,203.072138,75.27630543,181.9461469,167.4320792,194.0522838,68.83906634,118.9676673,190.9623053,0.004
205.8861626,192.3199166,83.21055963,171.0085244,155.2514894,206.9962816,67.50184502,117.4319887,196.8322922,0.008
205.9143393,192.2418291,83.35257431,170.652548,155.2748478,207.117854,67.47859044,117.4148223,196.6208676,0.008
206.4235985,192.2340688,83.37245708,170.8795353,155.2205902,207.2203296,67.21528271,117.4477826,196.5662755,0.008
205.9980318,192.3199166,83.35932573,170.652548,155.2205902,207.201227,67.24062455,117.3417532,196.6879429,0.008
205.8855148,192.3199166,83.43352337,170.8795353,155.1378664,207.2051894,67.50184502,117.4918397,196.6886829,0.008
206.2056657,192.3199166,83.30292073,171.1373377,155.2530041,207.223872,67.21623639,117.4464233,196.5451867,0.008
205.8782825,192.1852922,83.3228457,170.5582663,155.2731445,207.201227,67.18730825,117.4468749,196.544905,0.008
206.4235985,192.2806185,83.24329317,170.5582663,155.3004613,207.201227,67.21452035,117.4321729,196.6481829,0.008
206.4235985,192.2418291,83.24329317,170.5582663,155.2748478,207.1303492,67.50184502,117.2728537,196.5662755,0.008
205.8569193,192.2822826,83.21055963,170.8795353,155.1378664,206.9757779,67.50184502,117.4477826,196.6208676,0.008
206.3680413,192.3545532,83.37234858,170.4644562,155.2530041,207.0655776,67.24935872,117.4319887,196.6242043,0.008
205.8569193,192.2822826,83.2027509,170.8795353,155.2731445,206.9757779,67.1393209,117.2690146,196.6242043,0.008
205.9281754,192.2418291,83.43352337,170.4644562,155.2466553,207.0629839,67.27562392,117.4477826,196.5105961,0.008
205.9281754,192.1548657,83.43352337,170.5130693,155.1378664,207.1303492,67.30024151,117.4672213,196.6879429,0.008
205.9281754,192.1548657,83.21055963,171.1373377,155.2213834,207.1303492,67.27090422,117.4672213,196.5451867,0.008
205.8782825,192.2992369,83.3910937,170.5582663,155.2547491,206.9962816,67.27090422,117.2728537,196.6224791,0.008
205.8569193,192.3418531,83.4388718,170.5076575,155.1378664,206.9757779,67.27090422,117.3761146,196.5105961,0.008
205.9281754,192.2418291,83.3910937,170.8795353,155.2748478,207.0629839,67.4436022,117.5083134,196.5662755,0.008
205.8782825,192.4154894,83.37245708,170.5499052,155.2547491,206.9757779,67.50184502,117.3140739,196.6065274,0.008
205.8569193,192.2992369,83.21055963,170.6024617,155.2205902,207.223872,67.27562392,117.5083134,196.4315067,0.008
206.3680413,192.4154894,83.3910937,170.61172,155.0110533,206.9757779,67.24062455,117.5083134,196.5304969,0.008
205.9143393,192.094081,83.37245708,170.5130693,155.110112,207.2203296,67.30024151,117.2728537,196.5105961,0.008
205.9143393,192.3375834,83.34700026,171.1373377,155.110112,207.201227,67.1393209,117.3417532,196.6208676,0.008
205.9281754,192.2992369,83.37234858,170.5499052,155.1378664,207.223872,67.24062455,117.4468749,196.6879429,0.008
206.0389612,192.3375834,83.21055963,170.6024617,155.1378664,207.284679,67.3495138,117.4319887,196.6208676,0.008
194.0260285,187.9000372,86.26413937,167.7190238,151.9044799,211.503759,66.71157585,116.8186926,198.0810798,0.01
193.933847,187.9000372,86.33593132,167.4908147,151.6864141,211.4938329,67.03963611,116.8456348,198.1747361,0.01
194.2888775,187.9697317,86.29635906,167.8591725,151.7838591,211.3254358,67.03126085,117.0494558,198.174031,0.01
193.8931621,187.8174158,86.43883095,167.5480626,151.9044799,211.4793246,66.81948146,117.0497523,198.4113686,0.01
194.268582,187.9012257,86.33593132,167.4279678,151.6813049,211.3254358,66.76814007,116.8760374,198.4705296,0.01
194.268582,187.893092,86.29981176,167.470724,151.9207932,211.4938329,67.03126085,116.99448,198.1747361,0.01
194.0933359,187.9197902,86.26413937,167.7943632,151.9448862,211.5679292,66.75055569,116.99448,198.4541917,0.01
194.0933359,187.9197902,86.29981176,167.9685299,151.9044799,211.5024094,66.81948146,116.8805348,197.9477256,0.01
194.268582,187.9197902,86.379944,167.470724,151.9044799,211.4564953,66.78565623,117.0235619,198.3561312,0.01
193.8783122,187.8880363,86.76647813,167.4585063,151.8206201,211.5679292,66.79873588,116.8332969,197.9477256,0.01
193.8931621,187.9080059,86.30496807,167.9685299,151.9082348,211.6937054,66.78565623,116.9816397,198.1757589,0.01
194.2888775,187.893092,86.379944,167.470724,151.9082348,211.5679292,66.81948146,116.9816397,198.1673531,0.01
194.1102931,187.8174158,86.25843491,167.4099099,151.9044799,211.5679292,66.70912017,116.8186926,198.4541917,0.01
194.4749858,187.9080059,86.25843491,167.5194841,151.9448862,211.2725454,66.81948146,117.0497523,198.164889,0.01
194.0260285,187.9012257,86.29981176,167.4908147,151.8206201,211.2603862,66.77622288,116.9522038,198.164889,0.01
194.1102931,187.9080059,86.30496807,167.4908147,151.9591211,211.4564953,66.86545142,116.8186926,197.9477256,0.01
194.268582,187.9936983,86.25843491,167.4585063,151.7838591,211.503759,66.71157585,116.9522038,198.4705296,0.01
194.0260285,187.9936983,86.37180698,167.8591725,151.6532931,211.6937054,66.86545142,116.8456348,198.4113686,0.01
193.9925644,187.9936983,86.25843491,167.5480626,151.7563193,211.2725454,66.79873588,117.0497523,198.1757589,0.01
193.9865105,187.9080059,86.76647813,167.4099099,151.8297149,212.0291048,66.86545142,117.0497523,198.1673531,0.01
193.9925644,187.9197902,86.379944,167.5480626,151.9448862,211.5754026,66.86545142,117.0235619,198.3881007,0.01
194.5113484,187.8880363,86.26413937,167.8103466,151.9591211,212.0291048,66.77622288,116.9628272,198.4705296,0.01
193.8931621,187.9000372,86.30496807,167.5480626,151.7767177,211.2725454,66.79873588,116.9696112,198.6440971,0.01
194.0933359,187.8174158,86.24626062,167.6706505,151.6532931,211.2603862,66.70912017,116.8332969,198.0810798,0.01
194.5113484,187.9997226,86.43883095,167.3657288,151.8297149,211.5024094,66.76814007,117.0235619,198.4705296,0.01
168.4912288,176.8978807,93.51422511,162.2826295,145.4326481,220.4430744,65.72722729,116.1891586,201.3471028,0.0125
168.1638687,176.9692897,93.36144459,161.7167049,145.6239422,220.3233473,65.85756311,116.1466961,201.4761014,0.0125
168.4912288,177.0744386,93.39248714,161.9475213,145.6551782,220.8134008,65.83281971,116.2060231,201.5195831,0.0125
168.2828362,176.9586963,93.52217719,161.9475213,145.6177431,220.8111185,65.86317777,116.1891586,201.9086268,0.0125
167.6389887,177.0481094,93.30085923,162.3107058,145.6590351,220.4430744,66.21894419,116.155971,201.3580189,0.0125
168.1529106,177.1003667,93.41623441,161.9420014,145.6239422,220.4097054,65.84999629,116.1699325,201.6998995,0.0125
167.6389887,176.9880411,93.36144459,161.9475213,145.6940921,220.4430744,65.90876487,116.0708209,201.7574859,0.0125
168.056585,177.0481094,93.30085923,161.789659,145.8138069,220.8111185,65.85749781,116.0708209,201.3580189,0.0125
168.2311416,176.8978807,93.4026684,162.1429621,145.7489725,220.3233473,66.21894419,116.2060231,201.3652398,0.0125
168.2311416,177.1971855,93.4026684,161.7152357,145.6551782,220.8111185,65.90876487,116.0708209,201.2712847,0.0125
168.1614373,176.9937624,93.33293904,161.789659,145.6177431,220.4161344,65.84999629,116.0783529,201.6998995,0.0125
168.056585,177.1971855,93.68154853,161.813409,145.6142937,220.8111185,65.72722729,116.0486247,201.6998995,0.0125
168.1529106,176.9880411,93.52217719,161.7901629,145.5218746,220.2988785,65.72237164,116.1521461,201.4377868,0.0125
168.1529106,176.9880411,93.30085923,161.9453427,145.6590351,220.3264268,66.12769877,116.0718759,201.3652398,0.0125
167.9118704,177.1617561,93.43864629,161.7152357,145.7489725,220.2988785,65.83793859,116.155971,201.7574859,0.0125
167.7338703,176.9586963,93.63824116,161.7152357,145.6177431,220.2988785,65.84999629,116.0486247,201.3652398,0.0125
167.7338703,176.9397129,93.36144459,161.9210301,145.7489725,220.5134321,66.21894419,116.2354787,201.2712847,0.0125
167.9660929,176.9586963,93.41623441,161.9210301,145.7432595,220.4301946,65.83281971,116.0708209,201.4761014,0.0125
167.7338703,176.9937624,93.35457707,161.9210301,145.8138069,220.4971109,66.21894419,116.1521461,201.4187544,0.0125
168.3337182,177.0026916,93.51422511,161.6450992,145.7489725,220.4301946,65.73675166,116.1466961,201.3095551,0.0125
168.2311416,177.0026916,93.25317635,161.789659,145.4326481,220.4161344,65.90876487,116.2510662,201.4377868,0.0125
167.9660929,177.1971855,93.19054939,161.9475213,145.6082485,220.2988785,65.86317777,116.0708209,201.3652398,0.0125
167.6389887,177.157467,93.51422511,161.8755938,145.6142937,220.4301946,65.86317777,116.0718759,201.7574859,0.0125
167.7338703,176.9586963,93.68154853,161.9210301,145.6551782,220.4430744,65.85756311,115.9826345,201.5195831,0.0125
168.3337182,177.0481094,93.52217719,161.789659,145.5218746,220.4301946,65.90876487,116.0783529,201.3652398,0.0125
152.5611672,169.7245644,98.16662862,159.175616,142.6487517,225.4199941,65.55260404,115.6808831,203.1791716,0.0175
152.5011846,169.5522483,98.02450509,159.4208965,142.5146152,225.4341745,65.40531616,115.6538536,203.1354488,0.0175
152.3893599,169.4939258,97.86638082,159.5688851,142.4855035,225.5332357,65.55484949,115.6715664,203.1421292,0.0175
152.0351428,169.7531825,98.16662862,158.9329467,142.7389156,225.3816547,65.55260404,115.616842,203.1421292,0.0175
152.1465526,169.5710837,98.09356704,159.3770593,142.6728782,225.428592,65.40531616,115.6847228,203.1791716,0.0175
151.9488813,169.6264716,97.89665858,158.9329467,142.5146152,225.2504744,65.4489048,115.616842,202.9829165,0.0175
152.5011846,169.5522483,97.86638082,159.0315398,142.6473572,225.328123,65.49368081,115.649824,202.9829165,0.0175
151.9586885,169.7531825,98.02922899,159.6199304,142.6240923,225.4483462,65.55484949,115.649824,203.0225461,0.0175
152.5611672,169.5459662,98.06132526,159.175616,142.5005021,225.2201777,65.35668085,115.6538536,203.0225461,0.0175
152.5360703,169.7206734,97.84695751,159.175616,142.6421953,225.428592,65.35668085,115.6617933,203.1290274,0.0175
152.134133,169.4939258,98.02922899,159.175616,142.6351805,225.13309,65.71801589,115.6808831,203.1646707,0.0175
152.1003596,169.5522483,97.88459588,159.6199304,142.6351805,225.3816547,65.74966367,115.6847228,202.9829165,0.0175
152.0115428,169.4939258,98.02922899,159.0650624,142.523903,225.4341745,65.4489048,115.726404,203.1337534,0.0175
152.5360703,169.7518987,98.06132526,159.0315398,142.5005021,225.468671,65.35668085,115.6808831,203.0953233,0.0175
152.2761115,169.5459662,98.06132526,159.057826,142.5005021,225.2201777,65.4489048,115.557656,203.1646707,0.0175
151.9586885,169.7835024,98.09356704,159.1092652,142.5005021,225.4341745,65.7239156,115.6538536,203.0922055,0.0175
152.1003596,169.6243195,97.89665858,159.057826,142.5321487,225.4483462,65.62920385,115.6847228,203.1243018,0.0175
152.2761115,169.7835024,97.88459588,159.5688851,142.6351805,225.3816547,65.55484949,115.6538536,203.1243018,0.0175
151.9586885,169.4939258,98.01173173,159.3770593,142.6240923,225.2524906,65.55484949,115.6617933,203.1354488,0.0175
152.2761115,169.5740331,98.08995341,159.175616,142.6421953,225.2524906,65.64261105,115.649824,203.0225461,0.0175
152.4425391,169.7245644,97.89665858,159.0315398,142.523903,225.2524906,65.71801589,115.616842,203.1421292,0.0175
151.9488813,169.7518987,98.08995341,159.1092652,142.6728782,225.2504744,65.4489048,115.6715664,203.1290274,0.0175
152.2761115,169.6243195,98.16138007,159.1092652,142.6240923,225.4199941,65.55484949,115.6847228,202.9928189,0.0175
152.2869851,169.6264716,98.06132526,159.4592548,142.6240923,225.5895373,65.35668085,115.6636541,203.1243018,0.0175
152.5360703,169.7245644,97.89665858,158.9329467,142.6240923,225.468671,65.33476008,115.649824,203.1791716,0.0175
140.3970153,163.4673406,101.7488746,157.1846514,140.5576118,228.6474421,65.10519537,115.3587774,204.3316451,0.0225
140.414211,163.5846301,101.9546735,157.0978861,140.6681992,228.7977455,65.10645153,115.4151906,204.2651499,0.0225
140.5862308,163.5046355,101.9128244,157.0640287,140.660514,228.7999739,65.09135406,115.3884214,204.2420101,0.0225
140.3030454,163.5046355,101.8113076,157.2441578,140.5986857,228.8082503,65.07166443,115.4073581,204.3415998,0.0225
140.5231632,163.4673406,101.8088587,157.5187288,140.7123915,228.7359149,65.30932882,115.4299432,204.4327885,0.0225
140.5231632,163.6688356,101.9538408,157.1108238,140.6709238,228.8082503,65.10519537,115.4151906,204.350321,0.0225
140.5231632,163.4673406,101.7849841,157.2004237,140.6709238,228.7892952,65.01094914,115.3663351,204.2651499,0.0225
140.3030454,163.5846301,101.7849841,157.3353345,140.6645075,228.3105642,65.00585422,115.388218,204.3439432,0.0225
140.551132,163.6332819,101.8210143,157.2441578,140.6681992,228.8691079,65.41897189,115.305345,204.2607744,0.0225
140.3030454,163.6332819,101.8210143,157.0978861,140.5948144,228.8691079,65.05818536,115.4112639,204.4327885,0.0225
140.5862308,163.6332819,101.9546735,157.4129337,140.5576118,228.842235,65.13014169,115.4112639,204.3415998,0.0225
140.3970153,163.5046355,101.8088587,157.1380302,140.60601,228.7892952,65.24426336,115.305345,204.2420101,0.0225
140.3140748,163.5816449,101.8113076,157.2145653,140.6323353,228.8082503,65.05818536,115.4285815,204.3316451,0.0225
140.4448091,163.5613496,101.7767399,157.3353345,140.6550779,228.7359149,65.30932882,115.4434793,204.3316451,0.0225
140.2057591,163.6614791,101.8641002,157.1108238,140.6709238,228.7711991,65.10645153,115.4434793,204.2420101,0.0225
140.551132,163.6614791,101.8641002,157.2218959,140.6681992,228.6474421,65.13014169,115.388218,204.5541524,0.0225
140.3030454,163.6819276,101.7488746,157.0640287,140.6528426,228.7359149,65.13014169,115.4285815,204.3316451,0.0225
140.3970153,163.5046355,101.8641002,157.2004237,140.6262783,228.7359149,65.30932882,115.3587774,204.2420101,0.0225
140.5231632,163.5046355,101.8210143,157.3353345,140.6062818,228.8302132,65.24426336,115.4299432,203.8764253,0.0225
140.4448091,163.6610136,101.7488746,157.4129337,140.6550779,228.6491668,65.10645153,115.3663351,204.4327885,0.0225
140.2057591,163.6614791,101.5419346,157.3353345,140.6550779,228.6474421,65.07166443,115.4299432,204.2651499,0.0225
140.2057591,163.6106758,101.8113076,157.4129337,140.660514,228.8915605,65.01978515,115.4285815,204.2651499,0.0225
140.3030454,163.6688356,101.9546735,157.4129337,140.6681992,228.8691079,65.41897189,115.4285815,204.3068284,0.0225
140.2509008,163.6923171,101.7767399,157.0978861,140.6645075,228.8915605,65.01094914,115.4434793,204.2651499,0.0225
140.3140748,163.6645122,101.5419346,157.1380302,140.7123915,228.8691079,65.09174735,115.4285815,204.2607744,0.0225
129.1440539,157.0251349,105.9202097,155.9051823,138.6177338,232.2892542,64.6755796,115.1183037,205.5277094,0.03
128.8476151,156.9680187,105.9010608,155.9051823,138.6230632,232.305236,64.83499279,115.0239387,205.1093217,0.03
128.8231709,156.9680187,106.0292355,156.1391251,138.8090085,232.1790818,64.83499279,115.1486223,205.1375109,0.03
128.8231709,156.8357546,106.0292355,156.1391251,138.6662881,232.2892542,64.76823773,115.1183037,205.5617414,0.03
128.6493196,157.0342909,105.9010608,155.6800927,138.8090085,232.2367182,64.73120203,115.0575641,205.4398752,0.03
128.8231709,157.0445718,106.0252965,155.5169239,138.6177338,232.1790818,64.74968608,115.0005431,205.4328439,0.03
128.8476151,156.9293396,105.9202097,155.5622274,138.7318035,232.4077582,64.78458353,115.0575641,205.2800919,0.03
128.8749136,156.9404058,106.0252965,155.5622274,138.6669241,231.7953928,64.83499279,114.8670118,205.1375109,0.03
128.698384,157.0342909,105.6106019,155.5622274,138.6914146,232.2892542,64.95847331,115.0239387,205.4898331,0.03
128.9147552,156.9293396,106.0271528,155.5481205,138.5078364,232.305236,64.87811017,114.8670118,205.4208603,0.03
129.1440539,157.0445718,105.9010608,155.564588,138.5078364,232.305236,64.80916036,115.189294,205.4398752,0.03
128.698384,156.9646766,106.3892253,155.5784996,138.9045722,232.2169028,64.76823773,115.1490711,205.6015498,0.03
128.7218463,157.0445718,105.9010608,155.4947488,138.9045722,232.0712141,64.95847331,115.0075745,205.1093217,0.03
128.8231709,156.8357546,105.9010608,155.9187459,138.9045722,232.305236,64.7186172,115.1486223,205.5195468,0.03
128.9147552,156.914963,105.8305976,155.5481205,138.9334655,232.0712141,64.82888738,114.96826,205.1093217,0.03
128.8749136,157.0342909,105.6106019,155.6800927,138.6669241,232.1540327,64.78458353,115.1138482,205.4489978,0.03
128.8749136,157.0696808,105.9771622,155.5364214,138.6914146,232.0712141,64.82888738,114.96826,205.4398752,0.03
128.698384,156.914963,105.9202097,155.5364214,138.9334655,232.305236,64.95847331,115.0075745,205.42344,0.03
129.1440539,156.9293396,105.8554607,155.5364214,138.6177338,232.2169028,64.71197056,115.0902134,205.42344,0.03
128.8749136,157.0445718,106.3892253,155.4947488,138.6177338,231.8344673,64.80916036,115.0239387,205.5277094,0.03
128.8231709,156.8357546,106.0292355,155.6800927,138.5078364,232.1105448,64.9270735,115.1490711,205.5617414,0.03
128.8476151,156.9815029,105.9010608,155.9051823,138.9045722,232.2892542,64.6755796,115.1183037,205.5195468,0.03
128.698384,156.8357546,105.8554607,155.9187459,138.9045722,232.2367182,64.9270735,115.0902134,205.5277094,0.03
129.1440539,156.9293396,105.9909724,155.5169239,138.7245601,232.2398334,64.76823773,115.0902134,205.6015498,0.03
128.9147552,156.9827599,105.8305976,155.6003526,138.9045722,231.8344673,64.74968608,114.96826,205.6015498,0.03
118.2996127,150.4306536,110.049189,154.1872912,137.1591805,234.8556792,64.84934518,114.7854978,206.478272,0.04
118.9110637,150.5261857,110.0295951,153.9452883,137.3784572,234.9361997,64.60902822,114.7460701,206.5342231,0.04
118.5976515,150.6059914,109.9067981,154.3553745,137.2232478,234.9907099,64.45938351,114.7805759,206.4496657,0.04
118.8613746,150.4788034,110.049189,154.5301692,137.3180662,235.090217,64.45938351,114.9762715,206.4566451,0.04
118.7985442,150.5466775,110.1200855,154.1489714,137.278437,234.8556792,64.5237451,114.8639378,206.4496657,0.04
118.7985442,150.4788034,110.0741405,154.2814283,137.2063907,234.8556792,64.75128478,114.9762715,206.4422086,0.04
118.3240836,150.5466775,110.0562109,154.7554242,137.2063907,234.9907099,64.77218737,114.7178323,206.449462,0.04
118.6406132,150.5417514,110.1200855,154.2528297,137.1566288,234.9514232,64.75128478,114.7081736,206.4966906,0.04
118.8613746,150.4670227,110.0115832,153.9452883,137.5095025,234.9293555,64.48552993,114.6664567,206.478272,0.04
118.3240836,150.6194384,110.1200855,154.6638113,137.1472214,235.0937075,64.4865808,114.7805759,206.311196,0.04
118.9619026,150.4306536,110.1164135,154.2814283,137.3180662,235.0937075,64.37475203,114.882535,206.4422086,0.04
118.6406132,150.5438142,109.6860409,154.1400888,137.3784572,235.090217,64.61253992,114.8001189,206.4966906,0.04
118.6202697,150.4670227,110.0327308,154.1887268,137.5095025,234.4148563,64.5237451,114.7805759,206.429049,0.04
118.8613746,150.5417514,110.0741405,153.9452883,137.2063907,234.4148563,64.84934518,114.7805759,206.4731327,0.04
118.9110637,150.4670227,110.0327308,154.2814283,137.3454364,234.7821336,64.55524679,114.7666364,206.2263109,0.04
118.9110637,150.615588,110.0789221,154.5601206,137.2218339,234.9293555,64.55524679,114.7081736,206.4731327,0.04
118.9110637,150.6059914,110.0295951,154.3575416,137.5095025,234.9872052,64.37475203,114.9762715,206.5342231,0.04
118.6202697,150.615588,110.0789221,154.1400888,137.1472214,234.9514232,64.55524679,114.7805759,206.429049,0.04
118.6100518,150.5438142,110.2523911,154.6638113,137.3454364,234.9361997,64.37475203,114.7805759,206.311196,0.04
118.8613746,150.6309126,110.0789221,154.1887268,137.2232478,235.090217,64.72609514,114.7178323,206.0288778,0.04
118.6100518,150.5466775,109.6860409,154.5601206,137.2218339,234.9907099,64.57380644,114.9762715,206.4422086,0.04
118.2996127,150.6194384,109.6860409,154.1872912,137.43885,234.9514232,64.75128478,114.7274343,206.4566451,0.04
118.6100518,150.4670227,110.1831941,154.2528297,137.4033758,235.090217,64.57380644,114.703425,206.4566451,0.04
118.9619026,150.4670227,110.2523911,153.9452883,137.3454364,235.0937075,64.61253992,114.8001189,206.3650586,0.04
118.3240836,150.4306536,110.0741405,154.1887268,137.5095025,234.9872052,64.72609514,114.7178323,206.0288778,0.04
111.4804729,145.6122114,113.6741126,153.3536558,136.4394744,236.6890302,64.48759114,114.5360046,207.119558,0.05
111.5134117,145.7225272,113.535699,153.3459048,136.2862987,236.7894361,64.36230934,114.6049704,206.9286333,0.05
111.4804729,145.6972769,113.535699,153.3459048,136.3970639,236.8658559,64.6610929,114.6099686,206.9644509,0.05
111.7306065,145.6972769,113.3614385,153.3536558,136.2956762,236.8658559,64.34334568,114.6661868,207.2011341,0.05
111.4551271,145.7699403,113.2746142,153.4289905,136.2862987,236.7574917,64.31486571,114.6397192,207.119558,0.05
111.5489133,145.7766649,113.329029,153.7668478,136.2970589,236.5976271,64.6610929,114.6661868,207.1758339,0.05
111.4004694,145.8320439,113.2746142,153.2009627,136.1530032,236.7574917,64.26705512,114.6916556,206.9565611,0.05
111.5134117,145.8320439,113.3545935,153.3114653,136.3774326,236.5976271,64.31267552,114.6049704,206.7696041,0.05
111.6233498,145.7307375,113.4286588,153.3536558,136.2862987,236.7999217,64.31267552,114.6049704,207.1758339,0.05
111.4804729,145.7766649,113.316753,153.3356066,136.1004604,236.3618309,64.34334568,114.4704713,207.0325926,0.05
111.5366632,145.8320439,113.3614385,153.3459048,136.2862987,236.8136992,64.29199946,114.6185196,206.9286333,0.05
111.4703209,145.8024733,113.3545935,153.4232009,136.2956762,236.5976271,64.36230934,114.5554794,207.119558,0.05
111.5004671,145.8024733,113.254906,153.5982905,136.4394744,236.3618309,64.48759114,114.6458195,206.9565611,0.05
111.6233498,145.7182675,113.5314524,153.4334266,136.2857316,236.8714305,64.68088848,114.6458195,206.9565611,0.05
111.6233498,145.7600904,113.6741126,153.9524231,136.3472848,236.5976271,64.17078234,114.6916556,207.2011341,0.05
111.5134117,145.7600904,113.329029,153.3459048,136.2991991,236.8136992,64.26705512,114.6099686,207.1758339,0.05
111.5004671,145.7225272,113.3642134,153.3647657,136.3970639,236.7574917,64.29199946,114.6099686,207.2011341,0.05
111.4551271,145.7307375,113.329029,153.6888999,136.1526986,236.8658559,64.56799368,114.6896124,206.5930979,0.05
111.4551271,145.688585,113.3614385,153.4334266,136.2862987,236.7574917,64.32005954,114.6458195,207.1758339,0.05
111.4004694,145.7626767,113.3614385,153.3356066,136.1526986,236.8714305,64.32005954,114.6049704,207.0064878,0.05
111.5366632,145.6122114,113.3545935,153.252171,136.2956762,236.9245112,64.31486571,114.6661868,207.119558,0.05
111.3147217,145.6122114,113.136962,153.3647657,136.2862987,236.5976271,64.32005954,114.6661868,206.5930979,0.05
111.6233498,145.7626767,113.254906,153.4289905,136.2991991,236.8973655,64.26705512,114.6458195,206.7696041,0.05
111.6233498,145.8024733,113.3614385,153.9524231,136.2970589,236.8973655,64.31267552,114.6916556,207.2637815,0.05
111.5134117,145.7626767,113.3614385,153.2009627,136.3472848,236.5976271,64.48759114,114.4704713,207.1758339,0.05
108.5899273,143.7556154,114.4514996,153.0482916,136.0946932,237.5330415,64.13627414,114.4931135,207.3431671,0.055
108.6080157,143.6742687,114.7466623,153.2452958,135.913354,237.2094113,64.16596338,114.5770176,206.9376247,0.055
108.6216413,143.7757996,114.510944,153.032562,136.0364142,237.606406,64.16596338,114.5877804,207.1374609,0.055
108.8293973,143.7560093,114.6192198,152.9733911,135.9110498,237.3926309,64.2948096,114.4618562,207.3742734,0.055
108.3931669,143.8256606,114.6792857,152.8908861,135.8213465,237.606406,64.2320557,114.4231947,207.4547873,0.055
108.6177401,143.6742687,114.6225773,153.2452958,135.913354,237.3916207,64.16596338,114.473951,206.9376247,0.055
108.6080157,143.8256606,114.6192198,152.8908861,135.8798543,237.6346317,64.2948096,114.5631252,207.3948325,0.055
108.5899273,143.7757996,114.7516125,152.9733911,135.9931659,236.8800593,64.25663116,114.5877804,207.3401444,0.055
108.738042,143.6742687,114.6792857,153.0921372,135.913354,236.8800593,64.16596338,114.5359689,207.3742734,0.055
108.9398303,143.6010286,114.7466623,152.726025,135.9931659,237.3076445,64.23634783,114.6208669,207.2172914,0.055
108.6216413,143.7560093,114.6104307,153.1435134,135.9087788,237.5330415,64.49796269,114.6208669,207.3401444,0.055
108.5794653,143.6742687,114.7516125,153.1347229,135.7736831,237.2094113,64.13627414,114.4717564,207.0631465,0.055
108.5899273,143.7560093,114.8910549,153.0995345,135.7736831,237.3926309,64.32753873,114.4683823,207.3742734,0.055
108.738042,143.6742687,114.5832069,153.578421,135.913354,237.5709474,64.2948096,114.4529358,207.0631465,0.055
108.6080157,143.7314667,114.5832069,153.2252306,135.8213465,237.3796141,64.27540112,114.473951,207.3431671,0.055
108.7710202,143.7210008,114.7276105,153.2252306,136.0364142,237.4042149,64.49796269,114.5877804,207.3948325,0.055
108.6320701,143.7556154,114.6518257,153.1347229,136.0364142,237.2094113,64.47436501,114.6208669,207.1374609,0.055
108.9398303,143.7288036,114.6792857,153.3494811,136.0364142,237.313653,64.23634783,114.4683823,206.9376247,0.055
108.6080157,143.6010286,114.4518171,152.726025,135.8615202,237.3926309,64.13627414,114.5449405,207.1832291,0.055
108.7710202,143.6761952,114.6225773,152.8908861,135.913354,237.3076445,64.32753873,114.5449405,207.3401444,0.055
108.5794653,143.6150566,114.6518257,153.3494811,136.0789582,237.3926309,64.47436501,114.473951,207.1374609,0.055
108.6946224,143.7477876,114.7630899,153.578421,135.9637273,237.2094113,64.49796269,114.5359689,207.3401444,0.055
108.6216413,143.7556154,114.7276105,153.3494811,135.7736831,237.4317828,64.52714533,114.5770176,207.3431671,0.055
108.6216413,143.7210008,114.7276105,153.578421,135.7736831,237.3796141,64.52714533,114.4717564,207.1965965,0.055
108.6080157,143.7210008,114.6646339,153.0995345,135.8213465,237.4855672,64.49796269,114.47713,207.1374609,0.055
229.2869539,199.9971338,77.80751902,177.8876043,163.0969171,198.4040302,68.2756828,118.2289599,193.4352507,0.005
229.5634551,199.944154,77.65892367,177.8055866,163.1190426,198.4652145,68.2756828,118.502517,193.0582015,0.005
229.486696,199.8996577,77.58711028,177.8876043,162.9033981,198.8933395,68.49997554,118.3238816,193.4021597,0.005
229.6153194,199.9582131,77.60881833,178.1710386,162.8812364,198.4040302,68.13552243,118.4075532,193.2842829,0.005
229.1279749,200.0223987,77.8539945,178.1765856,163.1253635,198.8933395,68.28295334,118.3507826,193.8024056,0.005
229.1619595,199.8688501,77.98488511,177.812362,163.1132864,198.4251885,68.08232469,118.1989751,193.2842829,0.005
229.4107528,199.8336618,77.72824196,178.2543865,163.0969171,198.1326569,68.3458373,118.4137526,193.3697361,0.005
229.3771395,200.0223987,77.58711028,177.9074596,163.1795098,198.1298801,68.08232469,118.4964163,193.3124716,0.005
229.3771395,199.9318225,77.60881833,178.2572767,163.1795098,198.4652145,68.13552243,118.254817,193.4352507,0.005
229.6153194,199.9318225,77.72824196,177.8055866,162.9033981,198.4400911,68.21338511,118.3507826,193.3697361,0.005
229.3771395,199.9318225,77.58711028,178.1167435,163.111375,197.9630077,68.54594694,118.3925609,193.2897222,0.005
229.5069707,199.9108627,78.00292611,178.2763902,163.0425557,198.406266,68.21338511,118.1989751,193.4352507,0.005
229.486696,199.7537412,77.87665697,178.2763902,162.8812364,198.1326569,68.43956509,118.254817,193.8024056,0.005
229.2869539,199.944154,77.65892367,178.2763902,162.9033981,198.4040302,68.3458373,118.1989751,193.0319735,0.005
229.1619595,199.8128529,78.00292611,177.8000592,162.9033981,198.4040302,68.33176777,118.502517,193.0582015,0.005
229.2974467,199.8170485,77.7751525,177.812362,162.9488463,198.8933395,68.18656291,118.3507826,193.0319735,0.005
229.2974467,199.9108627,77.98488511,178.2543865,163.0588536,198.3919552,68.28690112,118.1989751,193.3124716,0.005
229.3901855,199.944154,78.02140727,177.812362,163.1795098,198.1726488,68.36173269,118.3238816,193.0582015,0.005
229.4906522,199.8348235,77.87665697,177.812362,163.2367316,198.2625171,68.54594694,118.2289599,193.2476759,0.005
229.4107528,199.9971338,77.8539945,178.2572767,162.9488463,197.9630077,68.43956509,118.2644508,193.0319735,0.005
229.486696,199.944154,77.80751902,178.2572767,162.9591764,198.406266,68.18656291,118.2504207,193.2897222,0.005
229.8354084,199.8996577,77.64421878,178.2501296,163.1190426,198.406266,68.54594694,118.1989751,193.2842829,0.005
229.1279749,199.9971338,78.03817173,177.8055866,162.9591764,198.4327556,68.28295334,118.3320303,193.4021597,0.005
229.6153194,199.9108627,77.80751902,177.9074596,162.9033981,198.406266,68.28295334,118.2504207,193.2476759,0.005
229.3771395,199.7777477,77.64421878,177.8055866,163.2180608,198.1298801,68.18656291,118.3238816,193.3124716,0.005
213.2288417,194.683453,81.51199264,172.2917195,157.2194307,204.6253778,67.52936315,117.7165141,195.6178889,0.007
212.6752966,194.4464087,81.51199264,172.8983406,157.2194307,204.7268706,67.71307676,117.6274654,195.4515103,0.007
212.9104353,194.4770971,81.58816564,172.9226095,157.3322565,204.7121157,67.8512128,117.7165141,195.5979165,0.007
213.0043388,194.6798419,81.61459185,172.5874448,157.3322565,204.7121157,67.79062856,117.4775636,195.5979165,0.007
213.0043388,194.5946771,81.55088538,172.7083852,157.3322565,204.7914796,67.3926959,117.5833994,195.6178889,0.007
213.2288417,194.547159,82.09137404,172.3301272,157.1685021,204.7268706,67.50073902,117.6556249,195.6185004,0.007
213.2288417,194.5461832,81.79764903,172.2917195,157.3241662,204.6016033,67.52936315,117.4427685,195.6434887,0.007
212.9104353,194.5260194,81.90956058,172.8983406,157.3438329,204.4064811,67.73888314,117.5708328,195.5947033,0.007
213.1221827,194.6798419,81.68129643,172.9226095,157.2526034,204.7121157,67.72317765,117.6274654,195.4712498,0.007
212.700018,194.3404284,81.58800829,172.5228391,157.0934473,204.5461431,67.72252402,117.6600767,195.6185004,0.007
212.6884923,194.5946771,81.75300173,172.7654068,157.1685021,204.6604325,67.72252402,117.6372361,195.6185004,0.007
212.9104353,194.5946771,81.68129643,172.9226095,157.2194307,205.1478065,67.79062856,117.6274654,195.6178889,0.007
213.2288417,194.4464087,81.58816564,172.4154116,157.344796,204.4064811,67.48394224,117.6648873,195.8282132,0.007
212.700018,194.5260194,81.55088538,172.5228391,157.1380642,204.4916649,67.8512128,117.6738606,195.6185004,0.007
213.2793848,194.5461832,81.61459185,172.2917195,157.0934473,204.7914796,67.72252402,117.6600767,195.8879286,0.007
213.2288417,194.5260194,81.61459185,172.3931171,157.1685021,204.7268706,67.52936315,117.6648873,195.6134461,0.007
213.1221827,194.4770971,81.62136288,172.5228391,157.3438329,204.7268706,67.54806433,117.4427685,195.8282132,0.007
212.6752966,194.5946771,82.09137404,172.3931171,157.1685021,204.7051222,67.48394224,117.6925518,195.6117464,0.007
213.1221827,194.4770971,81.75300173,172.3301272,157.3322565,204.7268706,67.72252402,117.6106378,195.4712498,0.007
212.7704,194.6223963,81.79764903,172.5874448,157.3438329,204.7121157,67.5845652,117.6274654,195.6178889,0.007
212.700018,194.4464087,81.79764903,172.2917195,157.3322565,205.1478065,67.57199703,117.6314874,195.9661923,0.007
213.2288417,194.6607763,81.90956058,172.5874448,157.3438329,204.7051222,67.57208779,117.4427685,195.9661923,0.007
213.1221827,194.4770971,81.58800829,172.8983406,157.3241662,204.5461431,67.57208779,117.6600767,195.6134461,0.007
212.6689078,194.3889126,81.51199264,172.3931171,157.3322565,204.7268706,67.57199703,117.6925518,195.6178889,0.007
212.7704,194.3889126,81.68129643,172.8223425,157.2526034,204.7121157,67.57199703,117.7165141,195.9661923,0.007
145.4776003,166.5722552,100.1760308,158.5960593,141.4870513,227.1110651,65.53030304,115.5525758,203.7508157,0.02
145.4380227,166.4094438,100.2038222,158.1870433,141.2117194,227.999663,65.18625648,115.4450013,203.8072222,0.02
145.7180552,166.2426253,100.2249098,158.5960593,141.5822407,227.2308337,65.39008766,115.3209687,203.8164766,0.02
145.7396814,166.5722552,100.4383071,158.0964826,141.2646719,227.2308337,65.26514029,115.4783219,203.8072222,0.02
145.5470969,166.1508668,100.0687724,158.1870433,141.6187321,227.999663,65.22618973,115.509456,203.7650894,0.02
145.7180552,166.2880368,100.1184864,158.5960593,141.527382,227.3103462,65.34795405,115.5710898,203.7650894,0.02
145.9258339,166.2451874,100.2249098,158.0283848,141.3812324,227.3614141,65.26514029,115.583264,203.8263341,0.02
145.7180552,166.5722552,99.95196882,158.0069545,141.3595461,227.2260011,65.43211051,115.4783219,203.7650894,0.02
145.6245421,166.4094438,100.2249098,158.3111217,141.4870513,227.4852359,65.2065988,115.5710898,203.8038871,0.02
145.6605075,166.2501427,99.95196882,158.3111217,141.3595461,227.2841224,65.46511796,115.4669658,203.5923834,0.02
145.9258339,166.2426253,100.219717,158.0019882,141.5822407,227.319564,65.34795405,115.5692732,203.5923834,0.02
145.3406145,166.2451874,100.0687724,157.9666298,141.2646719,227.4852359,65.18432791,115.6919686,203.8072222,0.02
145.6245421,166.4094438,100.2249098,157.887797,141.5050095,227.131939,65.32785394,115.4450013,203.6299663,0.02
145.6605075,166.4094438,99.8534525,157.9891918,141.527382,227.150754,65.26514029,115.5620357,203.8263341,0.02
145.7987936,166.2426253,100.0687724,158.3258411,141.5050095,227.3103462,65.17808287,115.5525758,203.8121319,0.02
145.7396814,166.3758041,99.8534525,158.1870433,141.2646719,227.150754,65.53030304,115.583264,203.5960526,0.02
145.5185459,166.3758041,100.1760308,158.0964826,141.5822407,227.2947432,65.46511796,115.4669658,203.5923834,0.02
145.3406145,166.2880368,100.1585951,158.0283848,141.2117194,227.150754,65.4128016,115.5710898,203.7508157,0.02
145.3406145,166.2880368,100.0687724,158.5960593,141.3616585,227.2947432,65.53030304,115.509456,203.8072222,0.02
145.6605075,166.5722552,100.1184864,158.1177298,141.2933828,227.2260011,65.2065988,115.4912514,203.8121319,0.02
145.5470969,166.2426253,99.8534525,158.0964826,141.2933828,227.2260011,65.17808287,115.4474705,203.8038871,0.02
145.9258339,166.4858429,100.2038222,158.0283848,141.527382,227.3103462,65.18432791,115.5692732,203.5960526,0.02
145.7180552,166.2978685,100.0687724,157.9666298,141.2646719,227.3103462,65.18625648,115.5525758,203.7508157,0.02
145.4380227,166.5722552,100.2249098,157.9666298,141.3812324,227.999663,65.34795405,115.583264,203.6299663,0.02
145.3406145,166.2451874,100.2670558,158.3111217,141.5822407,227.150754,65.2065988,115.6919686,203.8263341,0.02
123.2725616,153.5507791,108.2430148,154.9188473,137.8301175,233.7943379,64.98186587,115.0444002,205.9901149,0.035
123.6043474,153.5720352,108.1821637,154.8515744,137.8265724,233.5180154,64.75304001,114.9108398,205.9839899,0.035
123.2836153,153.5775823,108.1502359,155.0987608,137.9738468,233.3489524,64.55514205,114.9481878,205.9839899,0.035
123.2534294,153.6320147,108.1373577,154.744624,137.8265724,233.7417661,64.68296814,114.9904662,205.9901149,0.035
123.2836153,153.5775823,108.1500116,154.9188473,137.766661,233.7657812,64.80957731,114.9904662,205.7599317,0.035
123.1140323,153.5775823,107.7267169,154.851025,137.9414271,233.5861354,64.57471294,114.8959382,205.7498003,0.035
123.1194055,153.3485662,108.1059245,155.0987608,137.9414271,233.9120509,64.55514205,114.947765,205.9391423,0.035
123.0234524,153.5468511,108.1982994,154.8515744,138.0359559,233.9120509,64.68296814,114.8959382,205.9391423,0.035
123.2534294,153.6736049,108.1821637,154.851025,137.9213843,233.7940464,65.00111932,114.8588872,206.07568,0.035
123.5004943,153.6271959,108.0764972,154.6193366,137.9738468,233.6848983,65.00111932,114.8741425,205.9775811,0.035
123.0234524,153.6157508,108.1359439,154.9001507,138.0203731,233.7014424,64.75304001,114.8959382,205.9437071,0.035
123.2836153,153.5941249,108.2430148,154.6193366,137.766661,233.7417661,64.67384566,114.8852715,205.7498003,0.035
123.3204444,153.5941249,108.1030078,154.6193366,138.0037322,233.7014424,65.00111932,114.947765,205.9534305,0.035
123.6043474,153.6736049,108.1821637,154.851025,138.0203731,233.6702759,64.67384566,114.947765,205.9775811,0.035
123.1140323,153.5720352,108.0764972,154.9001507,137.9738468,233.6848983,64.80957731,114.7840238,205.9901149,0.035
123.0234524,153.5941249,108.1030078,154.7111329,137.8705951,233.3489524,64.63613922,115.0165356,205.9775811,0.035
123.1579736,153.5507791,108.1982994,154.7239835,137.7941992,233.6848983,64.6335907,114.9481878,205.9986177,0.035
123.3204444,153.5941249,107.7267169,155.2221003,137.8297965,233.6702759,64.68296814,114.8852715,205.7599317,0.035
123.2836153,153.580369,108.0466483,155.1180137,138.0359559,233.7014424,64.88669893,114.8588872,206.07568,0.035
123.1579736,153.580369,107.9866756,155.0058531,137.8705951,233.7417661,64.63613922,114.9391918,206.2028454,0.035
123.5004943,153.5775823,108.1373577,155.192085,137.9213843,233.8448533,64.98186587,114.9391918,206.07568,0.035
123.3204444,153.5507791,108.1502359,155.2221003,137.766661,233.3489524,64.6335907,114.9108398,205.8960348,0.035
123.3204444,153.5468511,108.1821637,154.9188473,138.0037322,233.9120509,64.55146686,114.9391918,205.843687,0.035
123.1194055,153.5941249,108.1030078,154.9001507,137.766661,233.7657812,64.98186587,115.0165356,205.9901149,0.035
123.2534294,153.6017241,108.0466483,154.9448934,138.1073113,233.6702759,64.63613922,114.9108398,205.9839899,0.035
