batch_id,recipe,weighted_target,sensitivity,delta_t,reversibility,first_delta_e,bo_code
0,"{""c_acid"": 98, ""pka_acid"": 29, ""c_dye"": 38, ""pka_dye"": 38, ""c_ec"": 8, ""c_peg"": 40}",0.9629003674706084,17.792462779189027,0.027207265550312942,0.26520159381908287,46.65774713237357,CMS-20230220-220506
0,"{""c_acid"": 84, ""pka_acid"": 13, ""c_dye"": 44, ""pka_dye"": 47, ""c_ec"": 6, ""c_peg"": 100}",1.0520491821125583e-06,0.10615435829137922,0.9944463718506183,-0.1261300527143326,1.1061777101444716,CMS-20230220-220506
0,"{""c_acid"": 130, ""pka_acid"": 7, ""c_dye"": 56, ""pka_dye"": 68, ""c_ec"": 4, ""c_peg"": 130}",1.0140823168890695e-06,0.05984206656152668,0.9918582508403491,-0.11208817561598483,1.7189250817857478,CMS-20230220-220506
0,"{""c_acid"": 106, ""pka_acid"": 39, ""c_dye"": 82, ""pka_dye"": 47, ""c_ec"": 94, ""c_peg"": 78}",1.814032468634773e-06,0.7662914240120657,0.7727767755265673,0.2508084136440304,1.2597332832797505,CMS-20230220-220506
0,"{""c_acid"": 36, ""pka_acid"": 49, ""c_dye"": 12, ""pka_dye"": 65, ""c_ec"": 238, ""c_peg"": 104}",1.8516267279690943e-06,1.271269483496613,0.6645657939371512,0.1375330938489069,3.7595904814801417,CMS-20230220-220506
0,"{""c_acid"": 52, ""pka_acid"": 7, ""c_dye"": 18, ""pka_dye"": 38, ""c_ec"": 84, ""c_peg"": 210}",1.2175498182602431e-06,0.06317883227371142,0.9946324821907669,0.018843655717732093,1.2539382712927265,CMS-20230220-220506
0,"{""c_acid"": 28, ""pka_acid"": 0, ""c_dye"": 64, ""pka_dye"": 50, ""c_ec"": 58, ""c_peg"": 108}",1.1326235550004809e-06,0.14906903657606665,0.9922280044407438,-0.034450667352421936,1.7656841738506932,CMS-20230220-220506
0,"{""c_acid"": 204, ""pka_acid"": 7, ""c_dye"": 2, ""pka_dye"": 68, ""c_ec"": 22, ""c_peg"": 16}",1.155093772677733e-06,0.04043427822532253,0.9950034693311128,0.005808170658503586,0.7604804214152853,CMS-20230220-220506
0,"{""c_acid"": 96, ""pka_acid"": 29, ""c_dye"": 110, ""pka_dye"": 47, ""c_ec"": 16, ""c_peg"": 0}",9.83940340502536e-06,6.1236488833787535,0.37077936596046496,0.8687689133741071,5.5449053558832695,CMS-20230220-220506
0,"{""c_acid"": 288, ""pka_acid"": 49, ""c_dye"": 52, ""pka_dye"": 79, ""c_ec"": 24, ""c_peg"": 10}",1.6287852379362942e-06,0.32750821483185033,0.9027540321337156,0.2588115940347266,0.9018315096640034,CMS-20230220-220506
0,"{""c_acid"": 156, ""pka_acid"": 0, ""c_dye"": 116, ""pka_dye"": 60, ""c_ec"": 82, ""c_peg"": 26}",1.1811965050591292e-06,0.3253979371455574,0.9232068183920806,-0.03632273190368399,2.7197115031061787,CMS-20230220-220506
0,"{""c_acid"": 52, ""pka_acid"": 29, ""c_dye"": 20, ""pka_dye"": 60, ""c_ec"": 52, ""c_peg"": 164}",1.3487343091477803e-06,0.2120116872194273,0.9615131680389798,0.10456028466670231,2.31084471130717,CMS-20230220-220506
0,"{""c_acid"": 108, ""pka_acid"": 29, ""c_dye"": 2, ""pka_dye"": 68, ""c_ec"": 56, ""c_peg"": 166}",1.081437138685114e-06,0.14409237685655604,0.9937080981897801,-0.07766792018361031,1.4113395221702738,CMS-20230220-220506
0,"{""c_acid"": 98, ""pka_acid"": 39, ""c_dye"": 32, ""pka_dye"": 60, ""c_ec"": 54, ""c_peg"": 202}",1.6699165297868405e-06,0.7894155965595683,0.8691666666666666,0.16443915786903274,2.0558012553172134,CMS-20230220-220506
0,"{""c_acid"": 6, ""pka_acid"": 0, ""c_dye"": 50, ""pka_dye"": 60, ""c_ec"": 106, ""c_peg"": 62}",7.368982454206756e-07,0.0,0.8270883060412619,-0.3592030001874298,8.443880188995614,CMS-20230220-220506
0,"{""c_acid"": 10, ""pka_acid"": 39, ""c_dye"": 200, ""pka_dye"": 68, ""c_ec"": 35, ""c_peg"": 40}",9.874029711154063e-07,0.03686341587814526,0.9933386529743732,-0.1295355387047524,1.1533800182549332,CMS-20230220-220506
0,"{""c_acid"": 76, ""pka_acid"": 49, ""c_dye"": 210, ""pka_dye"": 68, ""c_ec"": 14, ""c_peg"": 68}",9.000201583619299e-07,0.022416699293788034,0.9940781601751626,-0.20256466180188992,0.9449886242070032,CMS-20230220-220506
0,"{""c_acid"": 74, ""pka_acid"": 13, ""c_dye"": 38, ""pka_dye"": 79, ""c_ec"": 140, ""c_peg"": 90}",1.2326027854874303e-06,0.30840541881895894,0.9762222068029729,0.0018657665939661634,1.5904052731179863,CMS-20230220-220506
0,"{""c_acid"": 2, ""pka_acid"": 49, ""c_dye"": 8, ""pka_dye"": 83, ""c_ec"": 4, ""c_peg"": 340}",1.1243557063857227e-06,0.05994469573645711,0.9955585623091867,-0.02326705553499416,0.9389629887219598,CMS-20230220-220506
0,"{""c_acid"": 18, ""pka_acid"": 49, ""c_dye"": 162, ""pka_dye"": 83, ""c_ec"": 150, ""c_peg"": 46}",1.038988474004276e-06,0.11002617296777635,0.9948176673759521,-0.10006750868244689,0.6439178824122364,CMS-20230220-220506
0,"{""c_acid"": 54, ""pka_acid"": 13, ""c_dye"": 150, ""pka_dye"": 60, ""c_ec"": 4, ""c_peg"": 16}",7.074028195608277e-07,0.0,0.8168086779535573,-0.3943362132022028,4.228265294821097,CMS-20230220-220506
0,"{""c_acid"": 16, ""pka_acid"": 13, ""c_dye"": 118, ""pka_dye"": 38, ""c_ec"": 20, ""c_peg"": 194}",2.226712057964809e-06,1.5925515081640553,0.6737499614518766,0.2565044358638986,2.328844660393202,CMS-20230220-220506
0,"{""c_acid"": 62, ""pka_acid"": 29, ""c_dye"": 6, ""pka_dye"": 79, ""c_ec"": 22, ""c_peg"": 54}",1.058162033875558e-06,0.04787519742700391,0.9953722977765441,-0.08262544840854553,0.9619794152362308,CMS-20230220-220506
0,"{""c_acid"": 66, ""pka_acid"": 13, ""c_dye"": 8, ""pka_dye"": 47, ""c_ec"": 26, ""c_peg"": 158}",1.3823507945834455e-06,0.06354740455501069,0.9931526968267184,0.16168680712948577,1.0509152867343607,CMS-20230220-220506
0,"{""c_acid"": 70, ""pka_acid"": 49, ""c_dye"": 160, ""pka_dye"": 83, ""c_ec"": 72, ""c_peg"": 68}",1.3841248723418365e-06,0.17366136871275747,0.988155163906621,0.13607638713905235,1.4670825141437513,CMS-20230220-220506
0,"{""c_acid"": 34, ""pka_acid"": 39, ""c_dye"": 70, ""pka_dye"": 50, ""c_ec"": 116, ""c_peg"": 92}",1.1353129716725665e-06,0.2064336286808903,0.9933361858944707,-0.0461524014492151,1.2176781704225186,CMS-20230220-220506
0,"{""c_acid"": 18, ""pka_acid"": 13, ""c_dye"": 24, ""pka_dye"": 79, ""c_ec"": 82, ""c_peg"": 176}",1.114428390476376e-06,0.1033338152738233,0.9898221389582756,-0.039059744367201533,3.3312663020160347,CMS-20230220-220506
0,"{""c_acid"": 34, ""pka_acid"": 29, ""c_dye"": 114, ""pka_dye"": 38, ""c_ec"": 6, ""c_peg"": 246}",3.3948615293553265e-06,3.721520472601332,0.19285857464458625,0.12879960127371945,14.857873502467926,CMS-20230220-220506
0,"{""c_acid"": 74, ""pka_acid"": 7, ""c_dye"": 86, ""pka_dye"": 68, ""c_ec"": 32, ""c_peg"": 192}",1.0803281321771695e-06,0.07487853213686359,0.9946327905757547,-0.0603776116280574,1.6744409275935965,CMS-20230220-220506
0,"{""c_acid"": 10, ""pka_acid"": 39, ""c_dye"": 38, ""pka_dye"": 47, ""c_ec"": 64, ""c_peg"": 240}",1.5650085342518846e-06,0.31295259554865623,0.9552218059024886,0.21694782711563873,1.0021417487167568,CMS-20230220-220506
0,"{""c_acid"": 114, ""pka_acid"": 29, ""c_dye"": 112, ""pka_dye"": 38, ""c_ec"": 28, ""c_peg"": 6}",0.80354848595112,15.42772023017745,0.0734657846856015,0.3846214184727601,94.6388441150054,CMS-20230220-220506
0,"{""c_acid"": 140, ""pka_acid"": 13, ""c_dye"": 20, ""pka_dye"": 38, ""c_ec"": 30, ""c_peg"": 74}",8.816614202656148e-07,0.08185791201942069,0.9854748357849941,-0.31321179571875596,0.9051294001373812,CMS-20230220-220506
0,"{""c_acid"": 46, ""pka_acid"": 13, ""c_dye"": 14, ""pka_dye"": 47, ""c_ec"": 286, ""c_peg"": 8}",1.408724904074263e-06,0.34502384732346414,0.9178365251179571,0.11166572575841376,1.2120446779104899,CMS-20230220-220506
0,"{""c_acid"": 78, ""pka_acid"": 7, ""c_dye"": 210, ""pka_dye"": 38, ""c_ec"": 22, ""c_peg"": 50}",1.3048428052657212e-06,0.2669333454598212,0.7901746229993524,-0.0030034883088236133,1.4167564960145798,CMS-20230220-220506
0,"{""c_acid"": 72, ""pka_acid"": 29, ""c_dye"": 30, ""pka_dye"": 79, ""c_ec"": 138, ""c_peg"": 86}",1.2204784298046447e-06,0.38469571548150766,0.9597525981435223,-0.0235177601471583,3.5336392097424665,CMS-20230220-220506
0,"{""c_acid"": 58, ""pka_acid"": 7, ""c_dye"": 172, ""pka_dye"": 50, ""c_ec"": 28, ""c_peg"": 44}",1.7576052682973481e-06,0.937025013353545,0.3363241280414469,0.18339307870462138,2.6065569946340754,CMS-20230220-220506
1,"{""c_acid"": 78, ""pka_acid"": 29, ""c_dye"": 158, ""pka_dye"": 47, ""c_ec"": 16, ""c_peg"": 0}",2.0906682836056734e-06,1.4327253982013328,0.3167146976285194,0.2283948611270772,7.241274746905741,CMS-20230220-220506
1,"{""c_acid"": 90, ""pka_acid"": 29, ""c_dye"": 246, ""pka_dye"": 47, ""c_ec"": 60, ""c_peg"": 0}",2.044436517302698e-06,1.6810053552017747,0.1708913097110433,0.1492095648181058,9.763589401140033,CMS-20230220-220506
1,"{""c_acid"": 96, ""pka_acid"": 29, ""c_dye"": 110, ""pka_dye"": 47, ""c_ec"": 16, ""c_peg"": 0}",1.971550030828293e-06,1.2678110248275027,0.3786491966571068,0.2066985680612624,5.712674099571086,CMS-20230220-220506
1,"{""c_acid"": 98, ""pka_acid"": 29, ""c_dye"": 50, ""pka_dye"": 38, ""c_ec"": 0, ""c_peg"": 252}",2.598957873602883e-06,2.286227068833582,0.3064572732599377,0.233170860679996,5.804351732398795,CMS-20230221-010908
1,"{""c_acid"": 160, ""pka_acid"": 49, ""c_dye"": 182, ""pka_dye"": 83, ""c_ec"": 58, ""c_peg"": 0}",1.063697012895536e-06,0.20072636363532684,0.964656304931076,-0.12758285701892333,1.3665740684128693,CMS-20230221-010908
1,"{""c_acid"": 112, ""pka_acid"": 29, ""c_dye"": 106, ""pka_dye"": 38, ""c_ec"": 20, ""c_peg"": 0}",1.0029690076754904e-05,6.427601059163322,0.31341251117895585,0.7008277844394195,12.56878460825803,CMS-20230221-010908
1,"{""c_acid"": 306, ""pka_acid"": 49, ""c_dye"": 2, ""pka_dye"": 38, ""c_ec"": 0, ""c_peg"": 92}",1.8181845908885715e-06,0.45697644039739593,0.8967457674160423,0.34514306245663673,0.7281068009425198,CMS-20230221-010908
1,"{""c_acid"": 102, ""pka_acid"": 13, ""c_dye"": 122, ""pka_dye"": 38, ""c_ec"": 28, ""c_peg"": 148}",1.0295386482795072e-06,0.17223812132474203,0.9904655071391124,-0.13604216142883185,1.597933040543572,CMS-20230221-010908
1,"{""c_acid"": 10, ""pka_acid"": 39, ""c_dye"": 200, ""pka_dye"": 68, ""c_ec"": 35, ""c_peg"": 40}",9.75765922471667e-07,0.09141575259464496,0.9965752305177785,-0.1522417383173266,1.3979394928878435,CMS-20230221-010908
1,"{""c_acid"": 136, ""pka_acid"": 0, ""c_dye"": 118, ""pka_dye"": 50, ""c_ec"": 146, ""c_peg"": 0}",1.1918028621526868e-06,0.3135949985165888,0.8616157060474295,-0.026311482398944836,2.274037476803073,CMS-20230221-010908
1,"{""c_acid"": 268, ""pka_acid"": 29, ""c_dye"": 2, ""pka_dye"": 60, ""c_ec"": 58, ""c_peg"": 74}",1.2674929813577471e-06,0.38154409923414967,0.9547519042772997,0.007627571101435786,3.0738154462186227,CMS-20230220-220506
1,"{""c_acid"": 44, ""pka_acid"": 0, ""c_dye"": 238, ""pka_dye"": 83, ""c_ec"": 0, ""c_peg"": 118}",1.3104979264519832e-06,0.08654650861625741,0.9970374996145188,0.10257347769450394,1.1434586374043443,CMS-20230220-220506
1,"{""c_acid"": 90, ""pka_acid"": 0, ""c_dye"": 18, ""pka_dye"": 38, ""c_ec"": 0, ""c_peg"": 290}",0.008655138063422654,0.0,0.9657422055694328,0.17811672508325924,14.685096182365575,CMS-20230220-220506
1,"{""c_acid"": 178, ""pka_acid"": 29, ""c_dye"": 4, ""pka_dye"": 38, ""c_ec"": 0, ""c_peg"": 218}",1.4934196905042902e-06,0.05828480322467736,0.9926888087087921,0.2386776402271151,1.2335529704527914,CMS-20230220-220506
1,"{""c_acid"": 106, ""pka_acid"": 13, ""c_dye"": 176, ""pka_dye"": 79, ""c_ec"": 24, ""c_peg"": 94}",1.858528573623258e-06,1.420698722396554,0.6184249236747155,0.1203925622910816,4.3811430782135865,CMS-20230220-220506
1,"{""c_acid"": 200, ""pka_acid"": 49, ""c_dye"": 2, ""pka_dye"": 38, ""c_ec"": 198, ""c_peg"": 0}",1.6431282106735926e-06,0.2457265820049381,0.9210747216825487,0.28836619618536513,1.1021465615324868,CMS-20230220-220506
1,"{""c_acid"": 282, ""pka_acid"": 7, ""c_dye"": 42, ""pka_dye"": 50, ""c_ec"": 4, ""c_peg"": 72}",1.1072182671706901e-06,0.11492789577208921,0.9957415117032102,-0.04670415494377981,1.4893719475709843,CMS-20230221-010908
1,"{""c_acid"": 128, ""pka_acid"": 0, ""c_dye"": 32, ""pka_dye"": 38, ""c_ec"": 214, ""c_peg"": 26}",1.2748585098411819e-06,0.1918726154487803,0.9904665864865699,0.056032643594974875,6.339185803044125,CMS-20230221-010908
1,"{""c_acid"": 218, ""pka_acid"": 29, ""c_dye"": 2, ""pka_dye"": 50, ""c_ec"": 180, ""c_peg"": 0}",1.2783199015125754e-06,0.2169865413846195,0.9550353100811053,0.027037433479233857,0.8431956781549168,CMS-20230221-010908
1,"{""c_acid"": 242, ""pka_acid"": 0, ""c_dye"": 102, ""pka_dye"": 38, ""c_ec"": 42, ""c_peg"": 14}",1.193076670223509e-06,0.0,0.9977783945477534,0.0424657090558439,10.892400514131912,CMS-20230221-010908
1,"{""c_acid"": 50, ""pka_acid"": 49, ""c_dye"": 110, ""pka_dye"": 38, ""c_ec"": 0, ""c_peg"": 240}",0.10497372622170942,6.269861535335079,0.14950951367687415,0.1550828668518506,21.650541565658756,CMS-20230220-220506
1,"{""c_acid"": 170, ""pka_acid"": 29, ""c_dye"": 188, ""pka_dye"": 47, ""c_ec"": 42, ""c_peg"": 0}",2.2357005319220216e-06,1.5675597090302136,0.34589285163598243,0.26494882324030916,6.927410953206279,CMS-20230220-220506
1,"{""c_acid"": 110, ""pka_acid"": 29, ""c_dye"": 148, ""pka_dye"": 47, ""c_ec"": 0, ""c_peg"": 0}",3.2432423434033195e-06,2.2350243147367803,0.45023229099207446,0.5282511392956141,6.042232221176628,CMS-20230220-220506
1,"{""c_acid"": 294, ""pka_acid"": 13, ""c_dye"": 70, ""pka_dye"": 47, ""c_ec"": 32, ""c_peg"": 6}",2.4709953709138173e-06,0.9519620886302654,0.6640406913991428,0.6309337895200123,1.0160566914669464,CMS-20230221-010908
1,"{""c_acid"": 254, ""pka_acid"": 49, ""c_dye"": 146, ""pka_dye"": 60, ""c_ec"": 0, ""c_peg"": 0}",1.5227997141486025e-06,1.2243474718792073,0.44366276559657075,-0.021874627426366217,10.230819974888753,CMS-20230221-010908
1,"{""c_acid"": 274, ""pka_acid"": 0, ""c_dye"": 36, ""pka_dye"": 60, ""c_ec"": 52, ""c_peg"": 40}",1.1272480317179191e-06,0.15170456735562882,0.9916689795540753,-0.04798175832615056,1.1531075983074968,CMS-20230221-010908
1,"{""c_acid"": 332, ""pka_acid"": 49, ""c_dye"": 68, ""pka_dye"": 60, ""c_ec"": 0, ""c_peg"": 0}",0.004801835898159706,2.391253138222464,0.31775673050235914,0.06671287405042559,17.61520923192877,CMS-20230221-010908
1,"{""c_acid"": 2, ""pka_acid"": 29, ""c_dye"": 6, ""pka_dye"": 38, ""c_ec"": 304, ""c_peg"": 88}",1.8298628206328408e-06,0.7581692812262023,0.7425093286458816,0.2543416626734291,2.7268282875598637,CMS-20230220-220506
1,"{""c_acid"": 0, ""pka_acid"": 29, ""c_dye"": 158, ""pka_dye"": 50, ""c_ec"": 148, ""c_peg"": 0}",1.5808004016276263e-06,0.9093252699167805,0.5541924939093965,0.08907609274337447,3.65515729934932,CMS-20230220-220506
1,"{""c_acid"": 86, ""pka_acid"": 49, ""c_dye"": 158, ""pka_dye"": 38, ""c_ec"": 38, ""c_peg"": 118}",0.4949794778579741,9.444630287319018,0.052021463595152216,0.0772428818435033,69.35666224737776,CMS-20230220-220506
1,"{""c_acid"": 238, ""pka_acid"": 0, ""c_dye"": 2, ""pka_dye"": 38, ""c_ec"": 100, ""c_peg"": 60}",1.1537876805131032e-06,0.045393003844656575,0.9960193665772351,-0.015357789612261677,1.0501968972856088,CMS-20230221-010908
1,"{""c_acid"": 262, ""pka_acid"": 13, ""c_dye"": 26, ""pka_dye"": 68, ""c_ec"": 8, ""c_peg"": 2}",1.1828477075187798e-06,0.02699990873939034,0.9930580997317051,0.024989845081470913,0.7025053573342736,CMS-20230221-010908
1,"{""c_acid"": 112, ""pka_acid"": 29, ""c_dye"": 120, ""pka_dye"": 38, ""c_ec"": 0, ""c_peg"": 14}",0.5984218718195803,12.708020717003775,0.3604572578406883,0.2540663846966119,47.55483230855151,CMS-20230221-010908
1,"{""c_acid"": 266, ""pka_acid"": 49, ""c_dye"": 2, ""pka_dye"": 38, ""c_ec"": 132, ""c_peg"": 0}",1.2996953714123255e-06,0.11190915225859231,0.9701113269806027,0.07490909708904155,0.9208689005247996,CMS-20230220-220506
1,"{""c_acid"": 98, ""pka_acid"": 39, ""c_dye"": 32, ""pka_dye"": 60, ""c_ec"": 54, ""c_peg"": 202}",1.7781875744110511e-06,1.1629350745036768,0.8277119375828784,0.13073086625314093,3.208565514669914,CMS-20230220-220506
1,"{""c_acid"": 0, ""pka_acid"": 0, ""c_dye"": 104, ""pka_dye"": 83, ""c_ec"": 82, ""c_peg"": 216}",1.3318976058525569e-06,0.0743939911670494,0.9880644216239554,0.10794298434758727,0.4443562845928956,CMS-20230220-220506
1,"{""c_acid"": 70, ""pka_acid"": 13, ""c_dye"": 294, ""pka_dye"": 50, ""c_ec"": 2, ""c_peg"": 36}",1.6929647686989703e-06,1.2544345601320923,0.23291924939093964,0.07470651638435521,5.974589556705681,CMS-20230220-220506
1,"{""c_acid"": 208, ""pka_acid"": 13, ""c_dye"": 82, ""pka_dye"": 79, ""c_ec"": 0, ""c_peg"": 108}",1.2390483177884396e-06,0.22046730869919906,0.9488353840935023,0.013657297462156307,2.129304415952824,CMS-20230221-010908
1,"{""c_acid"": 38, ""pka_acid"": 29, ""c_dye"": 146, ""pka_dye"": 47, ""c_ec"": 0, ""c_peg"": 0}",5.930598084914991e-06,3.8322560408887685,0.4171897647022543,0.6382719425161308,6.9086716420547845,CMS-20230220-220506
1,"{""c_acid"": 112, ""pka_acid"": 29, ""c_dye"": 20, ""pka_dye"": 38, ""c_ec"": 50, ""c_peg"": 194}",1.6184095602809892e-06,0.6329202264209549,0.9173676257439788,0.17279390754638882,2.688886979510374,CMS-20230221-010908
1,"{""c_acid"": 210, ""pka_acid"": 49, ""c_dye"": 50, ""pka_dye"": 38, ""c_ec"": 28, ""c_peg"": 114}",0.12462418686354793,5.040031884682594,0.4174036296913066,0.3184271267632921,12.777414685573122,CMS-20230221-010908
1,"{""c_acid"": 4, ""pka_acid"": 49, ""c_dye"": 118, ""pka_dye"": 38, ""c_ec"": 32, ""c_peg"": 246}",0.03022243850916052,4.987591729624104,0.2499428716810066,0.14394365626888392,24.022798216416223,CMS-20230220-220506
1,"{""c_acid"": 112, ""pka_acid"": 29, ""c_dye"": 2, ""pka_dye"": 38, ""c_ec"": 0, ""c_peg"": 156}",1.3620778163137917e-06,0.24794394218434745,0.9888933604712123,0.10389126404643682,1.3582714737782062,CMS-20230221-010908
1,"{""c_acid"": 222, ""pka_acid"": 7, ""c_dye"": 82, ""pka_dye"": 50, ""c_ec"": 88, ""c_peg"": 8}",3.3409660383733714e-06,2.7250998506365853,0.2522071113578191,0.392823450064747,4.059855055350822,CMS-20230221-010908
1,"{""c_acid"": 104, ""pka_acid"": 29, ""c_dye"": 166, ""pka_dye"": 47, ""c_ec"": 0, ""c_peg"": 0}",3.657016387766605e-06,2.5464026114838925,0.4177381503068431,0.5416696750685867,7.0022990410738215,CMS-20230220-220506
1,"{""c_acid"": 212, ""pka_acid"": 29, ""c_dye"": 2, ""pka_dye"": 50, ""c_ec"": 0, ""c_peg"": 186}",1.5087875938385413e-06,0.20660948767436557,0.9291150892774539,0.20793564222046446,2.112465011199816,CMS-20230220-220506
1,"{""c_acid"": 98, ""pka_acid"": 29, ""c_dye"": 38, ""pka_dye"": 38, ""c_ec"": 8, ""c_peg"": 40}",0.687065647152736,17.845506969256085,0.046105328892589524,0.3722193599416248,33.12475516864448,CMS-20230221-010908
1,"{""c_acid"": 122, ""pka_acid"": 49, ""c_dye"": 214, ""pka_dye"": 38, ""c_ec"": 64, ""c_peg"": 0}",0.4468263441851612,8.889286476234922,0.07785965399204368,0.3536519177812821,50.91006559784926,CMS-20230220-220506
2,"{""c_acid"": 272, ""pka_acid"": 0, ""c_dye"": 128, ""pka_dye"": 38, ""c_ec"": 0, ""c_peg"": 0}",1.6243121163196772e-06,1.3195264712565438,0.5818798377894964,0.02132405790697056,6.3646745304530725,CMS-20230220-220506
2,"{""c_acid"": 204, ""pka_acid"": 49, ""c_dye"": 74, ""pka_dye"": 79, ""c_ec"": 0, ""c_peg"": 120}",1.6682902416784042e-06,0.6603186908837393,0.8377679094581675,0.19725559834621886,4.2880933752346,CMS-20230221-010908
2,"{""c_acid"": 64, ""pka_acid"": 29, ""c_dye"": 170, ""pka_dye"": 38, ""c_ec"": 146, ""c_peg"": 20}",1.12541104200128,11.84245492857201,0.027949933697227647,0.11469378628191369,122.13762467059934,CMS-20230221-010908
2,"{""c_acid"": 0, ""pka_acid"": 39, ""c_dye"": 208, ""pka_dye"": 38, ""c_ec"": 192, ""c_peg"": 0}",0.03927039068518557,10.463206382921912,0.06673990810127357,0.5418629235119309,19.103558112098018,CMS-20230221-010908
2,"{""c_acid"": 0, ""pka_acid"": 39, ""c_dye"": 192, ""pka_dye"": 38, ""c_ec"": 44, ""c_peg"": 0}",0.04166192609698604,9.59813583606156,0.16468899373978477,0.6539849545600617,18.243506603131674,CMS-20230220-220506
2,"{""c_acid"": 82, ""pka_acid"": 49, ""c_dye"": 2, ""pka_dye"": 38, ""c_ec"": 56, ""c_peg"": 260}",1.8838772575468824e-06,0.5232336471005025,0.8114380762944461,0.3692428178889721,2.32388348954195,CMS-20230221-010908
2,"{""c_acid"": 112, ""pka_acid"": 29, ""c_dye"": 108, ""pka_dye"": 50, ""c_ec"": 0, ""c_peg"": 8}",1.9224714772725794e-06,0.5411017235135224,0.7760109630863169,0.38867972560690595,1.6314200719999608,CMS-20230221-010908
2,"{""c_acid"": 130, ""pka_acid"": 29, ""c_dye"": 144, ""pka_dye"": 63, ""c_ec"": 98, ""c_peg"": 28}",2.8445224824957807e-06,1.5887546133950987,0.4183214605113023,0.5891799708229382,1.1283149685779503,CMS-20230221-010908
2,"{""c_acid"": 92, ""pka_acid"": 29, ""c_dye"": 76, ""pka_dye"": 38, ""c_ec"": 0, ""c_peg"": 0}",1.575725001288909e-05,7.883662909437177,0.25681816079193265,0.6580156285481337,17.588045390953695,CMS-20230220-220506
2,"{""c_acid"": 112, ""pka_acid"": 29, ""c_dye"": 104, ""pka_dye"": 38, ""c_ec"": 22, ""c_peg"": 8}",1.2129295456755473,12.622212108384465,0.026651787091004464,0.2142355567357617,91.7519806969542,CMS-20230221-010908
2,"{""c_acid"": 42, ""pka_acid"": 29, ""c_dye"": 162, ""pka_dye"": 38, ""c_ec"": 6, ""c_peg"": 0}",1.0954090980620524e-05,5.684703132394508,0.24392034415764643,0.6138057198268806,10.574479653198146,CMS-20230220-220506
2,"{""c_acid"": 98, ""pka_acid"": 39, ""c_dye"": 32, ""pka_dye"": 60, ""c_ec"": 54, ""c_peg"": 202}",1.9132369134638447e-06,0.8523929025248872,0.7772127393838467,0.2917637668437126,3.3647674055005257,CMS-20230220-220506
2,"{""c_acid"": 104, ""pka_acid"": 29, ""c_dye"": 100, ""pka_dye"": 38, ""c_ec"": 28, ""c_peg"": 0}",7.441447424394997e-06,5.267015287295631,0.24206941746075797,0.5571409368005242,11.973453410397342,CMS-20230220-220506
2,"{""c_acid"": 108, ""pka_acid"": 29, ""c_dye"": 114, ""pka_dye"": 38, ""c_ec"": 6, ""c_peg"": 6}",0.8233008559661054,10.014794034051985,0.07726709223794988,0.22259878677895625,96.99181327715951,CMS-20230221-010908
2,"{""c_acid"": 0, ""pka_acid"": 13, ""c_dye"": 18, ""pka_dye"": 47, ""c_ec"": 160, ""c_peg"": 224}",1.8206618999640945e-06,0.6567120840953912,0.6948452678323619,0.29323416366849686,3.522025061728892,CMS-20230221-010908
2,"{""c_acid"": 116, ""pka_acid"": 29, ""c_dye"": 92, ""pka_dye"": 38, ""c_ec"": 54, ""c_peg"": 8}",1.526365105373097,14.635372345732243,0.08530614919665709,0.1913767405111548,123.60986246318413,CMS-20230221-010908
2,"{""c_acid"": 142, ""pka_acid"": 0, ""c_dye"": 2, ""pka_dye"": 38, ""c_ec"": 0, ""c_peg"": 256}",1.8942222924363734e-06,0.7443332639538632,0.761290051500293,0.3097067549698077,3.8275932925973883,CMS-20230221-010908
2,"{""c_acid"": 120, ""pka_acid"": 29, ""c_dye"": 84, ""pka_dye"": 38, ""c_ec"": 100, ""c_peg"": 96}",8.387215543407197e-06,6.62360170056363,0.10162865821691806,0.2998896310092141,9.267040516403767,CMS-20230220-220506
2,"{""c_acid"": 78, ""pka_acid"": 39, ""c_dye"": 86, ""pka_dye"": 60, ""c_ec"": 236, ""c_peg"": 0}",2.753055923794669e-06,2.066552475131008,0.23271047275418633,0.3604242165693443,3.1960185883710515,CMS-20230221-010908
2,"{""c_acid"": 10, ""pka_acid"": 39, ""c_dye"": 200, ""pka_dye"": 68, ""c_ec"": 35, ""c_peg"": 40}",1.6353007007750784e-06,0.47818166158110276,0.7561730964936627,0.22541293954749977,2.5434612238457324,CMS-20230221-010908
2,"{""c_acid"": 124, ""pka_acid"": 29, ""c_dye"": 226, ""pka_dye"": 83, ""c_ec"": 36, ""c_peg"": 14}",1.8961759430147668e-06,0.6106482432360352,0.8001521879914885,0.3524722895350542,2.1156174778105528,CMS-20230221-010908
2,"{""c_acid"": 114, ""pka_acid"": 29, ""c_dye"": 64, ""pka_dye"": 38, ""c_ec"": 44, ""c_peg"": 8}",0.8099158966992216,16.24125655843081,0.05663891201776302,0.3423343815557717,67.30747151834217,CMS-20230221-010908
2,"{""c_acid"": 116, ""pka_acid"": 29, ""c_dye"": 74, ""pka_dye"": 38, ""c_ec"": 28, ""c_peg"": 8}",0.8557053431729349,9.941507519010505,0.12935455022049525,0.23405048815428298,114.77950691722098,CMS-20230221-010908
2,"{""c_acid"": 90, ""pka_acid"": 49, ""c_dye"": 74, ""pka_dye"": 38, ""c_ec"": 0, ""c_peg"": 236}",8.376589200871958e-06,5.545242956094355,0.29878611959169826,0.4437712870362532,5.109586330929406,CMS-20230220-220506
2,"{""c_acid"": 60, ""pka_acid"": 7, ""c_dye"": 244, ""pka_dye"": 47, ""c_ec"": 96, ""c_peg"": 0}",2.3222281364723826e-06,1.5944293253931152,0.3484850587473401,0.29372916715473013,3.782834408327265,CMS-20230220-220506
2,"{""c_acid"": 114, ""pka_acid"": 29, ""c_dye"": 90, ""pka_dye"": 38, ""c_ec"": 8, ""c_peg"": 8}",1.006614905084914,11.762559153086142,0.07532172263854191,0.21494747281297708,94.64020583609609,CMS-20230221-010908
2,"{""c_acid"": 2, ""pka_acid"": 7, ""c_dye"": 2, ""pka_dye"": 68, ""c_ec"": 128, ""c_peg"": 268}",1.980953671033296e-06,0.5531426626629775,0.7945109014093195,0.4187486956899593,1.9160852478055024,CMS-20230221-010908
2,"{""c_acid"": 386, ""pka_acid"": 0, ""c_dye"": 14, ""pka_dye"": 83, ""c_ec"": 0, ""c_peg"": 0}",1.3750141668917793e-06,0.3363464988914966,0.9572567613408579,0.0724065516446251,3.324829909787469,CMS-20230220-220506
2,"{""c_acid"": 196, ""pka_acid"": 13, ""c_dye"": 130, ""pka_dye"": 50, ""c_ec"": 64, ""c_peg"": 12}",1.597854870176344e-06,1.2013912837369374,0.2494116014432418,0.03272697774312786,5.127807945000907,CMS-20230221-010908
2,"{""c_acid"": 16, ""pka_acid"": 13, ""c_dye"": 8, ""pka_dye"": 68, ""c_ec"": 84, ""c_peg"": 292}",1.9339581103421123e-06,0.44678668823650175,0.7728687513491844,0.42607159769332803,2.0611462676904133,CMS-20230220-220506
2,"{""c_acid"": 152, ""pka_acid"": 39, ""c_dye"": 62, ""pka_dye"": 38, ""c_ec"": 18, ""c_peg"": 170}",5.979452468546206e-06,5.649995706511956,0.1688299873562155,0.22013526432484543,10.464532606359311,CMS-20230221-010908
2,"{""c_acid"": 150, ""pka_acid"": 39, ""c_dye"": 2, ""pka_dye"": 38, ""c_ec"": 22, ""c_peg"": 228}",1.8988986038848518e-06,0.6138081698343006,0.8102471705677368,0.3523842693239736,2.042118084005675,CMS-20230221-010908
2,"{""c_acid"": 28, ""pka_acid"": 39, ""c_dye"": 132, ""pka_dye"": 38, ""c_ec"": 120, ""c_peg"": 0}",0.8894076815875934,15.51892105869127,0.03637786412557439,0.5003985363919684,32.60866528896233,CMS-20230220-220506
2,"{""c_acid"": 2, ""pka_acid"": 29, ""c_dye"": 172, ""pka_dye"": 38, ""c_ec"": 154, ""c_peg"": 72}",0.23453962261826536,7.909072771606309,0.05950519628704476,0.12979789750964743,27.471012470908942,CMS-20230220-220506
2,"{""c_acid"": 88, ""pka_acid"": 49, ""c_dye"": 14, ""pka_dye"": 79, ""c_ec"": 0, ""c_peg"": 298}",1.9927416778742954e-06,0.8709327748610364,0.8289117864742345,0.2971149529932195,2.4345070036701197,CMS-20230220-220506
2,"{""c_acid"": 112, ""pka_acid"": 39, ""c_dye"": 66, ""pka_dye"": 47, ""c_ec"": 92, ""c_peg"": 130}",1.8337125127473213e-06,0.6660108567618076,0.8509460480463811,0.2934001056605688,2.796346336431967,CMS-20230221-010908
2,"{""c_acid"": 0, ""pka_acid"": 29, ""c_dye"": 118, ""pka_dye"": 38, ""c_ec"": 0, ""c_peg"": 0}",0.1280948772218971,10.064435534253517,0.23802610478921893,0.6704808854881046,18.467007248551145,CMS-20230220-220506
2,"{""c_acid"": 196, ""pka_acid"": 39, ""c_dye"": 204, ""pka_dye"": 38, ""c_ec"": 0, ""c_peg"": 0}",2.931270097769807e-05,11.400052470170378,0.06396413482591667,0.4817720638000454,10.965636383161462,CMS-20230220-220506
2,"{""c_acid"": 20, ""pka_acid"": 29, ""c_dye"": 122, ""pka_dye"": 50, ""c_ec"": 118, ""c_peg"": 140}",1.6708581334295993e-06,0.36231220928148217,0.8312299164276683,0.27837192105930386,2.5785728656748224,CMS-20230221-010908
2,"{""c_acid"": 110, ""pka_acid"": 7, ""c_dye"": 154, ""pka_dye"": 38, ""c_ec"": 136, ""c_peg"": 0}",8.488111626145683e-06,5.772554374355129,0.19051376938970613,0.60649597735617,4.66770023169473,CMS-20230220-220506
2,"{""c_acid"": 148, ""pka_acid"": 29, ""c_dye"": 82, ""pka_dye"": 38, ""c_ec"": 0, ""c_peg"": 0}",0.06271632251067787,7.127058087911671,0.2971742683566164,0.6964117750284914,16.2942534319794,CMS-20230220-220506
2,"{""c_acid"": 110, ""pka_acid"": 29, ""c_dye"": 156, ""pka_dye"": 38, ""c_ec"": 0, ""c_peg"": 0}",9.013456513918942e-06,5.602738759437128,0.25004402195701114,0.6644940432096688,10.121252378092535,CMS-20230220-220506
2,"{""c_acid"": 12, ""pka_acid"": 13, ""c_dye"": 226, ""pka_dye"": 50, ""c_ec"": 136, ""c_peg"": 26}",1.5430708354942455e-06,0.7519443717167436,0.4735387177352206,0.10339694924634628,3.7008204485469443,CMS-20230221-010908
2,"{""c_acid"": 184, ""pka_acid"": 29, ""c_dye"": 110, ""pka_dye"": 38, ""c_ec"": 102, ""c_peg"": 0}",7.703343560070765e-06,5.591966231810823,0.1756054368273352,0.5768333764363303,11.151096327426616,CMS-20230220-220506
2,"{""c_acid"": 46, ""pka_acid"": 49, ""c_dye"": 144, ""pka_dye"": 38, ""c_ec"": 192, ""c_peg"": 20}",1.1778094994003219,17.78926730789593,0.021840364511055532,0.20910523663507394,80.18317814229594,CMS-20230220-220506
2,"{""c_acid"": 14, ""pka_acid"": 39, ""c_dye"": 128, ""pka_dye"": 38, ""c_ec"": 50, ""c_peg"": 0}",1.1667202263060383,16.837662109345814,0.0684084250778672,0.6060215318435492,40.097189613114175,CMS-20230220-220506
2,"{""c_acid"": 0, ""pka_acid"": 49, ""c_dye"": 98, ""pka_dye"": 38, ""c_ec"": 154, ""c_peg"": 148}",3.959975854417823e-06,3.606838017614989,0.27083071206093695,0.2568265473283156,11.706532010992907,CMS-20230220-220506
2,"{""c_acid"": 84, ""pka_acid"": 29, ""c_dye"": 78, ""pka_dye"": 38, ""c_ec"": 2, ""c_peg"": 0}",0.1309832587237064,7.896657313770059,0.3505874734017948,0.795360834517686,16.08229124080159,CMS-20230220-220506
3,"{""c_acid"": 108, ""pka_acid"": 29, ""c_dye"": 114, ""pka_dye"": 38, ""c_ec"": 6, ""c_peg"": 6}",1.226794220693448,14.500947493892847,0.10324074074074074,0.2472867146012634,97.15657174410221,CMS-20230221-010908
3,"{""c_acid"": 222, ""pka_acid"": 0, ""c_dye"": 90, ""pka_dye"": 38, ""c_ec"": 52, ""c_peg"": 36}",1.6493639370125062e-06,1.205564412833042,0.5409259259259259,0.06259381217790894,6.78540463672936,CMS-20230221-010908
3,"{""c_acid"": 84, ""pka_acid"": 29, ""c_dye"": 78, ""pka_dye"": 38, ""c_ec"": 2, ""c_peg"": 0}",0.18097448720810083,10.220738016621,0.27777777777777773,0.7565780261401466,15.804044240430393,CMS-20230220-220506
3,"{""c_acid"": 120, ""pka_acid"": 49, ""c_dye"": 18, ""pka_dye"": 50, ""c_ec"": 0, ""c_peg"": 262}",1.8147905637897497e-06,0.6451736658925414,0.915,0.30127443229930057,3.5046071098800984,CMS-20230220-220506
3,"{""c_acid"": 62, ""pka_acid"": 39, ""c_dye"": 2, ""pka_dye"": 38, ""c_ec"": 262, ""c_peg"": 38}",1.7875420830854605e-06,0.9364221321938592,0.663425925925926,0.1994743078619459,5.288795161600927,CMS-20230220-220506
3,"{""c_acid"": 0, ""pka_acid"": 7, ""c_dye"": 204, ""pka_dye"": 38, ""c_ec"": 172, ""c_peg"": 24}",1.0439806354732282,11.732106216251404,0.03564814814814813,0.10119764322966988,117.47245193918457,CMS-20230221-010908
3,"{""c_acid"": 98, ""pka_acid"": 49, ""c_dye"": 142, ""pka_dye"": 38, ""c_ec"": 42, ""c_peg"": 118}",0.48692511947691797,11.452111494838363,0.06981481481481477,0.1683960074517307,37.91706691892788,CMS-20230221-010908
3,"{""c_acid"": 170, ""pka_acid"": 13, ""c_dye"": 230, ""pka_dye"": 38, ""c_ec"": 0, ""c_peg"": 0}",1.4947868793056332e-05,7.8235917150101,0.16740740740740737,0.6166241076862499,11.931818709978812,CMS-20230220-220506
3,"{""c_acid"": 6, ""pka_acid"": 29, ""c_dye"": 62, ""pka_dye"": 38, ""c_ec"": 18, ""c_peg"": 0}",0.16067869025077516,10.639948638232786,0.2422222222222223,0.7184717235237278,19.521466831615964,CMS-20230220-220506
3,"{""c_acid"": 0, ""pka_acid"": 39, ""c_dye"": 148, ""pka_dye"": 38, ""c_ec"": 214, ""c_peg"": 0}",1.936830241073622e-05,9.33208322433156,0.0926851851851852,0.5574528122750126,15.797822137277345,CMS-20230220-220506
3,"{""c_acid"": 160, ""pka_acid"": 29, ""c_dye"": 90, ""pka_dye"": 83, ""c_ec"": 0, ""c_peg"": 150}",1.7849974059467828e-06,0.9007426370929247,0.7221296296296296,0.20168148621073748,3.064524210653565,CMS-20230220-220506
3,"{""c_acid"": 54, ""pka_acid"": 39, ""c_dye"": 104, ""pka_dye"": 38, ""c_ec"": 132, ""c_peg"": 14}",1.165111197749695,16.2946572322471,0.032129629629629695,0.1954313378831368,65.76682527758858,CMS-20230221-010908
3,"{""c_acid"": 80, ""pka_acid"": 29, ""c_dye"": 112, ""pka_dye"": 38, ""c_ec"": 56, ""c_peg"": 8}",1.2503414867665856,24.543584033927498,0.027222222222222297,0.34155132953407885,58.28707344164875,CMS-20230221-010908
3,"{""c_acid"": 14, ""pka_acid"": 29, ""c_dye"": 74, ""pka_dye"": 38, ""c_ec"": 218, ""c_peg"": 40}",5.3159452046754125e-06,5.00089968437399,0.1658333333333333,0.26408601262761056,8.694154546815094,CMS-20230220-220506
3,"{""c_acid"": 80, ""pka_acid"": 29, ""c_dye"": 110, ""pka_dye"": 38, ""c_ec"": 36, ""c_peg"": 8}",1.4318065380406046,17.393331833560712,0.04305555555555555,0.24726320096946555,89.62666452057988,CMS-20230221-010908
3,"{""c_acid"": 34, ""pka_acid"": 49, ""c_dye"": 110, ""pka_dye"": 38, ""c_ec"": 222, ""c_peg"": 34}",0.4238183944796552,20.05612712695448,0.02222222222222218,0.3731837081651889,24.47192718627414,CMS-20230220-220506
3,"{""c_acid"": 52, ""pka_acid"": 49, ""c_dye"": 210, ""pka_dye"": 38, ""c_ec"": 24, ""c_peg"": 44}",1.160601344413468,16.684625961434314,0.027592592592592613,0.18046251069567185,83.51583156403927,CMS-20230221-010908
3,"{""c_acid"": 100, ""pka_acid"": 29, ""c_dye"": 138, ""pka_dye"": 38, ""c_ec"": 24, ""c_peg"": 8}",0.7959809866516926,10.294316650369593,0.0914814814814815,0.22950735604023761,91.77855645654081,CMS-20230221-010908
3,"{""c_acid"": 54, ""pka_acid"": 29, ""c_dye"": 142, ""pka_dye"": 38, ""c_ec"": 36, ""c_peg"": 8}",1.4287287295505104,15.877132364246316,0.04083333333333335,0.2043767932819561,101.02893091067516,CMS-20230221-010908
3,"{""c_acid"": 0, ""pka_acid"": 49, ""c_dye"": 160, ""pka_dye"": 38, ""c_ec"": 76, ""c_peg"": 164}",0.036104243123351185,4.83474983118846,0.15055555555555555,0.128886466044807,21.806045405391355,CMS-20230221-010908
3,"{""c_acid"": 0, ""pka_acid"": 13, ""c_dye"": 176, ""pka_dye"": 38, ""c_ec"": 194, ""c_peg"": 30}",1.421742227460183,14.423262961705085,0.024999999999999984,0.13655955439117282,103.97291814798889,CMS-20230221-010908
3,"{""c_acid"": 272, ""pka_acid"": 49, ""c_dye"": 2, ""pka_dye"": 47, ""c_ec"": 86, ""c_peg"": 38}",1.768531196510802e-06,0.9453208971560212,0.682962962962963,0.18885652539005884,4.759017270186469,CMS-20230221-010908
3,"{""c_acid"": 86, ""pka_acid"": 13, ""c_dye"": 78, ""pka_dye"": 68, ""c_ec"": 20, ""c_peg"": 216}",1.6873341132089396e-06,0.47858865064420497,0.9141666666666667,0.2566280891991463,2.4704445264472388,CMS-20230220-220506
3,"{""c_acid"": 2, ""pka_acid"": 49, ""c_dye"": 168, ""pka_dye"": 38, ""c_ec"": 152, ""c_peg"": 68}",0.5222131289217794,15.819140102341843,0.037685185185185155,0.2424430983090615,39.12381755576866,CMS-20230220-220506
3,"{""c_acid"": 122, ""pka_acid"": 39, ""c_dye"": 154, ""pka_dye"": 38, ""c_ec"": 60, ""c_peg"": 64}",2.0388483465526072e-05,9.971270418604574,0.062129629629629646,0.37952005936038136,13.277888382890128,CMS-20230220-220506
3,"{""c_acid"": 44, ""pka_acid"": 29, ""c_dye"": 144, ""pka_dye"": 38, ""c_ec"": 48, ""c_peg"": 8}",0.752895028848556,9.751338691237441,0.1325925925925926,0.19937610506032757,112.29376545247241,CMS-20230221-010908
3,"{""c_acid"": 64, ""pka_acid"": 29, ""c_dye"": 152, ""pka_dye"": 38, ""c_ec"": 46, ""c_peg"": 8}",1.5687686793564612,19.434929819946547,0.031296296296296267,0.24404703415377785,94.93219850920075,CMS-20230221-010908
3,"{""c_acid"": 120, ""pka_acid"": 13, ""c_dye"": 80, ""pka_dye"": 50, ""c_ec"": 30, ""c_peg"": 170}",1.557634472094467e-06,0.32953412066028426,0.9661111111111111,0.18833114487512972,2.1050508425815244,CMS-20230221-010908
3,"{""c_acid"": 10, ""pka_acid"": 39, ""c_dye"": 200, ""pka_dye"": 68, ""c_ec"": 35, ""c_peg"": 40}",1.9446577768043445e-06,0.9718175915194852,0.595462962962963,0.247418699542397,3.4729724718750354,CMS-20230221-010908
3,"{""c_acid"": 0, ""pka_acid"": 29, ""c_dye"": 72, ""pka_dye"": 38, ""c_ec"": 54, ""c_peg"": 0}",0.12262216033055834,10.965672928962425,0.16537037037037036,0.6853654476524685,18.29461968384241,CMS-20230220-220506
3,"{""c_acid"": 82, ""pka_acid"": 49, ""c_dye"": 40, ""pka_dye"": 38, ""c_ec"": 0, ""c_peg"": 242}",1.0484477845830433e-05,7.347767275962982,0.16620370370370374,0.3218891681503307,10.737868665561855,CMS-20230220-220506
3,"{""c_acid"": 172, ""pka_acid"": 49, ""c_dye"": 126, ""pka_dye"": 50, ""c_ec"": 88, ""c_peg"": 14}",1.783567804928014e-06,0.6430994288365388,0.7930555555555556,0.2729275259501395,2.0839366581861145,CMS-20230221-010908
3,"{""c_acid"": 172, ""pka_acid"": 29, ""c_dye"": 20, ""pka_dye"": 38, ""c_ec"": 168, ""c_peg"": 40}",2.2828586792034377e-06,1.6939466223905317,0.48740740740740746,0.2550899570345955,4.2515466151826,CMS-20230220-220506
3,"{""c_acid"": 42, ""pka_acid"": 29, ""c_dye"": 184, ""pka_dye"": 38, ""c_ec"": 174, ""c_peg"": 0}",1.2019968268749837e-05,7.360153130622884,0.1298148148148149,0.5768125383288298,13.58978984905796,CMS-20230220-220506
3,"{""c_acid"": 0, ""pka_acid"": 39, ""c_dye"": 74, ""pka_dye"": 38, ""c_ec"": 70, ""c_peg"": 0}",0.18187296226243385,10.692439903438617,0.18388888888888888,0.6597754221247892,19.756161154396622,CMS-20230220-220506
3,"{""c_acid"": 98, ""pka_acid"": 39, ""c_dye"": 32, ""pka_dye"": 60, ""c_ec"": 54, ""c_peg"": 202}",2.1759279576180455e-06,1.3237844638026275,0.6908333333333333,0.30033680208397967,3.714462994898568,CMS-20230220-220506
3,"{""c_acid"": 4, ""pka_acid"": 49, ""c_dye"": 182, ""pka_dye"": 38, ""c_ec"": 184, ""c_peg"": 32}",0.9465130839367425,21.125847315112818,0.02703703703703697,0.3054506912249232,65.48741368763741,CMS-20230220-220506
3,"{""c_acid"": 114, ""pka_acid"": 29, ""c_dye"": 138, ""pka_dye"": 38, ""c_ec"": 58, ""c_peg"": 8}",0.9387061023211837,11.011464642682101,0.0625925925925926,0.19731278308330535,93.10436051116375,CMS-20230221-010908
3,"{""c_acid"": 12, ""pka_acid"": 29, ""c_dye"": 76, ""pka_dye"": 38, ""c_ec"": 18, ""c_peg"": 0}",0.2336832146295296,10.078984866311563,0.29490740740740745,0.7967828028848037,17.6285764972455,CMS-20230220-220506
3,"{""c_acid"": 40, ""pka_acid"": 13, ""c_dye"": 14, ""pka_dye"": 47, ""c_ec"": 310, ""c_peg"": 38}",1.8748960832101261e-06,0.5018816625923811,0.9262037037037038,0.3684768196241775,2.128758063575247,CMS-20230221-010908
3,"{""c_acid"": 2, ""pka_acid"": 29, ""c_dye"": 74, ""pka_dye"": 38, ""c_ec"": 16, ""c_peg"": 0}",0.1554146064465403,9.254544975414289,0.29398148148148145,0.7658611997598884,17.78504605214137,CMS-20230220-220506
3,"{""c_acid"": 116, ""pka_acid"": 29, ""c_dye"": 94, ""pka_dye"": 38, ""c_ec"": 54, ""c_peg"": 8}",1.3271432466587068,13.86887997419146,0.06425925925925924,0.2009278648692339,105.20350815814716,CMS-20230221-010908
3,"{""c_acid"": 22, ""pka_acid"": 29, ""c_dye"": 30, ""pka_dye"": 38, ""c_ec"": 18, ""c_peg"": 0}",0.15235836521319693,9.46590210095222,0.4450925925925926,0.7964726644377264,22.1241277831889,CMS-20230220-220506
3,"{""c_acid"": 0, ""pka_acid"": 7, ""c_dye"": 302, ""pka_dye"": 79, ""c_ec"": 66, ""c_peg"": 32}",1.7225543797223618e-06,1.1427154626292937,0.6903703703703704,0.11028108181483132,4.522350110418999,CMS-20230220-220506
3,"{""c_acid"": 10, ""pka_acid"": 29, ""c_dye"": 86, ""pka_dye"": 38, ""c_ec"": 178, ""c_peg"": 128}",3.6672788461521154e-06,3.7811577752980177,0.17361111111111108,0.16507334609139732,12.603046685598803,CMS-20230220-220506
3,"{""c_acid"": 92, ""pka_acid"": 29, ""c_dye"": 108, ""pka_dye"": 38, ""c_ec"": 32, ""c_peg"": 8}",1.178254561847795,12.328903049770142,0.12101851851851857,0.20675619684045296,108.63562838930217,CMS-20230221-010908
3,"{""c_acid"": 260, ""pka_acid"": 0, ""c_dye"": 88, ""pka_dye"": 38, ""c_ec"": 12, ""c_peg"": 38}",1.3162753283188762e-06,0.4461809837604916,0.9664814814814816,0.032318766670184775,3.340324217286174,CMS-20230221-010908
3,"{""c_acid"": 38, ""pka_acid"": 29, ""c_dye"": 122, ""pka_dye"": 50, ""c_ec"": 60, ""c_peg"": 180}",1.5775511995184818e-06,0.3853814189198454,0.8985185185185185,0.2135200319665281,3.162619740033595,CMS-20230221-010908
4,"{""c_acid"": 26, ""pka_acid"": 49, ""c_dye"": 156, ""pka_dye"": 38, ""c_ec"": 96, ""c_peg"": 122}",0.07764061046840068,3.8652774235301934,0.11055555555555556,0.07285961762344602,38.86863231494278,CMS-20230221-010908
4,"{""c_acid"": 98, ""pka_acid"": 39, ""c_dye"": 32, ""pka_dye"": 60, ""c_ec"": 54, ""c_peg"": 202}",1.9364913601075105e-06,1.307557585104418,0.7186111111111111,0.18095024946389762,3.9584889359787,CMS-20230220-220506
4,"{""c_acid"": 0, ""pka_acid"": 29, ""c_dye"": 46, ""pka_dye"": 38, ""c_ec"": 36, ""c_peg"": 0}",1.5240974288728133e-05,8.0250975607153,0.2942592592592592,0.7203286481767863,12.656050141037072,CMS-20230220-220506
4,"{""c_acid"": 180, ""pka_acid"": 29, ""c_dye"": 188, ""pka_dye"": 38, ""c_ec"": 0, ""c_peg"": 30}",1.2639218486449841,18.039649701396844,0.03675925925925916,0.25603313326911964,81.24987612590114,CMS-20230220-220506
4,"{""c_acid"": 0, ""pka_acid"": 13, ""c_dye"": 52, ""pka_dye"": 83, ""c_ec"": 116, ""c_peg"": 232}",1.798979734183512e-06,0.928455318978758,0.6547222222222221,0.1953324013752252,2.850738017622481,CMS-20230220-220506
4,"{""c_acid"": 88, ""pka_acid"": 39, ""c_dye"": 122, ""pka_dye"": 38, ""c_ec"": 40, ""c_peg"": 8}",1.1821300772408312,18.490499574447018,0.025370370370370376,0.27340307142583126,54.34836056762972,CMS-20230221-010908
4,"{""c_acid"": 34, ""pka_acid"": 49, ""c_dye"": 136, ""pka_dye"": 60, ""c_ec"": 180, ""c_peg"": 50}",8.119345576117164e-06,5.399678766114067,0.3882407407407407,0.684306262920365,1.9385949223668095,CMS-20230221-010908
4,"{""c_acid"": 152, ""pka_acid"": 13, ""c_dye"": 236, ""pka_dye"": 38, ""c_ec"": 0, ""c_peg"": 0}",1.1463877866623741e-05,7.206351915040066,0.16888888888888895,0.5555631842438916,13.252585535582329,CMS-20230220-220506
4,"{""c_acid"": 0, ""pka_acid"": 13, ""c_dye"": 2, ""pka_dye"": 83, ""c_ec"": 118, ""c_peg"": 280}",1.685417964746001e-06,0.6975282014065272,0.8200925925925926,0.19964472599352526,2.49366717739325,CMS-20230221-010908
4,"{""c_acid"": 0, ""pka_acid"": 49, ""c_dye"": 212, ""pka_dye"": 50, ""c_ec"": 124, ""c_peg"": 64}",1.5833787250536718e-06,0.3506329454206092,0.9109259259259259,0.21953778635833554,1.5008428792212947,CMS-20230220-220506
4,"{""c_acid"": 88, ""pka_acid"": 39, ""c_dye"": 114, ""pka_dye"": 38, ""c_ec"": 52, ""c_peg"": 8}",0.9635969393855687,18.039760284374097,0.031388888888888876,0.31644154347781467,40.84506017833429,CMS-20230221-010908
4,"{""c_acid"": 0, ""pka_acid"": 29, ""c_dye"": 22, ""pka_dye"": 38, ""c_ec"": 106, ""c_peg"": 0}",7.25078226443382e-06,5.054295705071733,0.40564814814814815,0.7147714213846933,7.88609219840066,CMS-20230220-220506
4,"{""c_acid"": 0, ""pka_acid"": 7, ""c_dye"": 2, ""pka_dye"": 50, ""c_ec"": 108, ""c_peg"": 290}",1.793626738387834e-06,0.732857109688768,0.7591666666666667,0.24463802844181062,2.842494097395472,CMS-20230220-220506
4,"{""c_acid"": 10, ""pka_acid"": 39, ""c_dye"": 200, ""pka_dye"": 68, ""c_ec"": 35, ""c_peg"": 40}",1.5803009647635126e-06,0.7186985873393889,0.7140740740740741,0.12271666969746879,3.5766247528003454,CMS-20230221-010908
4,"{""c_acid"": 166, ""pka_acid"": 39, ""c_dye"": 56, ""pka_dye"": 47, ""c_ec"": 160, ""c_peg"": 18}",2.252977447709256e-06,1.3596421776500103,0.641851851851852,0.31764220422385664,2.919194019115768,CMS-20230221-010908
4,"{""c_acid"": 0, ""pka_acid"": 29, ""c_dye"": 24, ""pka_dye"": 38, ""c_ec"": 268, ""c_peg"": 110}",6.31601273915611e-06,5.154364745312477,0.18787037037037035,0.3057632501546094,8.01331357465673,CMS-20230220-220506
4,"{""c_acid"": 228, ""pka_acid"": 39, ""c_dye"": 54, ""pka_dye"": 38, ""c_ec"": 36, ""c_peg"": 40}",1.0824989770802085e-05,6.992831437430239,0.11212962962962962,0.33447235530173,11.631475573695107,CMS-20230220-220506
4,"{""c_acid"": 32, ""pka_acid"": 29, ""c_dye"": 2, ""pka_dye"": 60, ""c_ec"": 16, ""c_peg"": 350}",1.691267509629475e-06,0.782297641802241,0.7057407407407408,0.17375445656372387,3.973505153398398,CMS-20230220-220506
4,"{""c_acid"": 0, ""pka_acid"": 29, ""c_dye"": 54, ""pka_dye"": 38, ""c_ec"": 20, ""c_peg"": 0}",2.1051580091391747e-05,9.259735624665316,0.3681481481481483,0.8048492769838936,12.111501461942874,CMS-20230220-220506
4,"{""c_acid"": 40, ""pka_acid"": 49, ""c_dye"": 2, ""pka_dye"": 38, ""c_ec"": 64, ""c_peg"": 292}",2.1559340489040436e-06,1.1315376426868975,0.7224074074074074,0.35163561617860584,3.800862301807152,CMS-20230220-220506
4,"{""c_acid"": 6, ""pka_acid"": 29, ""c_dye"": 24, ""pka_dye"": 38, ""c_ec"": 14, ""c_peg"": 0}",1.1516076680253201e-05,6.933129373296403,0.4189814814814814,0.7685047220850055,11.850847512714253,CMS-20230220-220506
4,"{""c_acid"": 84, ""pka_acid"": 39, ""c_dye"": 114, ""pka_dye"": 38, ""c_ec"": 42, ""c_peg"": 8}",1.1578914249646983,17.431755866848558,0.02925925925925928,0.2652020598340569,58.28878909941128,CMS-20230221-010908
4,"{""c_acid"": 170, ""pka_acid"": 49, ""c_dye"": 100, ""pka_dye"": 38, ""c_ec"": 118, ""c_peg"": 12}",1.0431623287409082,15.212650837404333,0.027222222222222148,0.2000543984240493,56.29470872711636,CMS-20230221-010908
4,"{""c_acid"": 52, ""pka_acid"": 29, ""c_dye"": 266, ""pka_dye"": 38, ""c_ec"": 48, ""c_peg"": 36}",1.422673809550415,18.385441328135396,0.01907407407407402,0.19111670553621019,84.95721269590847,CMS-20230220-220506
4,"{""c_acid"": 82, ""pka_acid"": 39, ""c_dye"": 110, ""pka_dye"": 38, ""c_ec"": 60, ""c_peg"": 8}",1.0733019020495278,17.86012230603288,0.029444444444444422,0.269625484614374,55.8372130614488,CMS-20230221-010908
4,"{""c_acid"": 110, ""pka_acid"": 39, ""c_dye"": 102, ""pka_dye"": 38, ""c_ec"": 0, ""c_peg"": 40}",0.6457731730659967,15.394942988207347,0.03407407407407407,0.2821627013601525,39.05586266665524,CMS-20230220-220506
4,"{""c_acid"": 78, ""pka_acid"": 39, ""c_dye"": 110, ""pka_dye"": 38, ""c_ec"": 50, ""c_peg"": 8}",1.1472469297360552,19.282903467889643,0.027314814814814754,0.30053399660248353,50.38253964759317,CMS-20230221-010908
4,"{""c_acid"": 108, ""pka_acid"": 29, ""c_dye"": 114, ""pka_dye"": 38, ""c_ec"": 6, ""c_peg"": 6}",0.805971043982472,9.760621589633235,0.212962962962963,0.38722630164212274,85.8716131106277,CMS-20230221-010908
4,"{""c_acid"": 0, ""pka_acid"": 29, ""c_dye"": 50, ""pka_dye"": 38, ""c_ec"": 16, ""c_peg"": 0}",1.2444275165580327e-05,7.012110931225338,0.3798148148148148,0.8370249676667841,8.43597174701688,CMS-20230220-220506
4,"{""c_acid"": 184, ""pka_acid"": 49, ""c_dye"": 120, ""pka_dye"": 65, ""c_ec"": 0, ""c_peg"": 96}",5.033716019228818e-06,4.811390785177182,0.15175925925925926,0.2639955977090327,10.322275500972447,CMS-20230221-010908
4,"{""c_acid"": 38, ""pka_acid"": 39, ""c_dye"": 6, ""pka_dye"": 38, ""c_ec"": 20, ""c_peg"": 334}",1.7682613145898387e-06,0.9828052163725168,0.6410185185185184,0.17821419086072252,3.647518919391947,CMS-20230221-010908
4,"{""c_acid"": 226, ""pka_acid"": 0, ""c_dye"": 76, ""pka_dye"": 68, ""c_ec"": 12, ""c_peg"": 86}",1.6485148359391079e-06,0.6700985701125912,0.8027777777777777,0.18452743745399316,4.753377359083522,CMS-20230220-220506
4,"{""c_acid"": 84, ""pka_acid"": 39, ""c_dye"": 122, ""pka_dye"": 38, ""c_ec"": 48, ""c_peg"": 8}",1.0607846852988807,18.851451487372632,0.023425925925925923,0.26774514011315537,47.28909708741505,CMS-20230221-010908
4,"{""c_acid"": 98, ""pka_acid"": 39, ""c_dye"": 110, ""pka_dye"": 38, ""c_ec"": 48, ""c_peg"": 8}",1.1181682781805977,19.027129931384188,0.026666666666666655,0.29865990098674927,50.018759973258874,CMS-20230221-010908
4,"{""c_acid"": 90, ""pka_acid"": 39, ""c_dye"": 104, ""pka_dye"": 38, ""c_ec"": 44, ""c_peg"": 8}",1.0194163729889683,17.08114690095135,0.026388888888888944,0.28303210861202865,45.96504820813241,CMS-20230221-010908
4,"{""c_acid"": 0, ""pka_acid"": 29, ""c_dye"": 28, ""pka_dye"": 38, ""c_ec"": 20, ""c_peg"": 0}",1.2482756564133668e-05,7.227621000484883,0.38435185185185183,0.768270189064062,9.689908802733255,CMS-20230220-220506
4,"{""c_acid"": 92, ""pka_acid"": 39, ""c_dye"": 122, ""pka_dye"": 38, ""c_ec"": 18, ""c_peg"": 38}",0.8095844465683687,18.999508042626164,0.02851851851851857,0.30390914752050785,33.97158207572067,CMS-20230220-220506
4,"{""c_acid"": 84, ""pka_acid"": 39, ""c_dye"": 104, ""pka_dye"": 38, ""c_ec"": 52, ""c_peg"": 8}",1.247658622160179,16.7531267725787,0.029166666666666636,0.22247929206708864,67.78041213371262,CMS-20230221-010908
4,"{""c_acid"": 166, ""pka_acid"": 39, ""c_dye"": 218, ""pka_dye"": 47, ""c_ec"": 0, ""c_peg"": 14}",5.956999046271505e-06,4.8941754509116215,0.14046296296296298,0.4425383845515853,6.117382039659471,CMS-20230221-010908
4,"{""c_acid"": 10, ""pka_acid"": 29, ""c_dye"": 182, ""pka_dye"": 38, ""c_ec"": 178, ""c_peg"": 28}",0.8839931914959109,12.885843736928203,0.03222222222222223,0.12148564888016733,107.0301438365546,CMS-20230221-010908
4,"{""c_acid"": 226, ""pka_acid"": 29, ""c_dye"": 2, ""pka_dye"": 47, ""c_ec"": 156, ""c_peg"": 18}",2.197459784385262e-06,1.4973231326448673,0.47935185185185175,0.26162586750944333,4.5924520287687685,CMS-20230221-010908
4,"{""c_acid"": 56, ""pka_acid"": 49, ""c_dye"": 68, ""pka_dye"": 38, ""c_ec"": 262, ""c_peg"": 14}",0.10658261179416438,6.307712888278704,0.10555555555555551,0.1960914284733951,22.770640320492266,CMS-20230221-010908
4,"{""c_acid"": 0, ""pka_acid"": 39, ""c_dye"": 2, ""pka_dye"": 63, ""c_ec"": 268, ""c_peg"": 130}",1.5094911873053336e-06,0.52842966649755,0.9122222222222222,0.13347709625013562,3.4400796321891405,CMS-20230221-010908
4,"{""c_acid"": 88, ""pka_acid"": 0, ""c_dye"": 138, ""pka_dye"": 38, ""c_ec"": 174, ""c_peg"": 0}",1.7597974242352018e-06,1.6895257369297159,0.5861111111111111,0.005984227603697212,7.757754656090342,CMS-20230220-220506
4,"{""c_acid"": 100, ""pka_acid"": 49, ""c_dye"": 84, ""pka_dye"": 38, ""c_ec"": 22, ""c_peg"": 194}",0.020008705277492034,3.238677297809533,0.2681481481481481,0.12048143055033518,19.30847954477623,CMS-20230221-010908
4,"{""c_acid"": 22, ""pka_acid"": 29, ""c_dye"": 30, ""pka_dye"": 38, ""c_ec"": 18, ""c_peg"": 0}",1.0941734673614454e-05,6.782162407926616,0.38898148148148143,0.6865657400079858,14.470786837832932,CMS-20230220-220506
4,"{""c_acid"": 0, ""pka_acid"": 49, ""c_dye"": 2, ""pka_dye"": 60, ""c_ec"": 166, ""c_peg"": 232}",1.9953643520978194e-06,0.8803364904287472,0.7991666666666667,0.3318666511155158,4.087323605434851,CMS-20230220-220506
4,"{""c_acid"": 62, ""pka_acid"": 49, ""c_dye"": 112, ""pka_dye"": 38, ""c_ec"": 194, ""c_peg"": 34}",0.7160721854139137,10.940669679558548,0.03222222222222223,0.131684586524336,69.34523985418036,CMS-20230220-220506
5,"{""c_acid"": 140, ""pka_acid"": 29, ""c_dye"": 66, ""pka_dye"": 47, ""c_ec"": 194, ""c_peg"": 0}",2.475859301743154e-06,1.5220568396528886,0.4439099361643076,0.40300094381684953,3.553696722794791,CMS-20230220-220506
5,"{""c_acid"": 102, ""pka_acid"": 29, ""c_dye"": 110, ""pka_dye"": 38, ""c_ec"": 48, ""c_peg"": 10}",1.3659101308068273,18.409032234817488,0.021938199648441126,0.24896415759693355,71.1092408095015,CMS-20230221-010908
5,"{""c_acid"": 98, ""pka_acid"": 29, ""c_dye"": 118, ""pka_dye"": 38, ""c_ec"": 52, ""c_peg"": 10}",1.5178006750598498,21.43644878724082,0.032030483856045865,0.2405355659662557,87.0248963656595,CMS-20230221-010908
5,"{""c_acid"": 34, ""pka_acid"": 29, ""c_dye"": 204, ""pka_dye"": 38, ""c_ec"": 84, ""c_peg"": 30}",1.0683812268406039,22.838037836568713,0.022307336478860185,0.26728031767986177,51.55101728704383,CMS-20230221-010908
5,"{""c_acid"": 0, ""pka_acid"": 29, ""c_dye"": 148, ""pka_dye"": 38, ""c_ec"": 48, ""c_peg"": 164}",9.151706417657954e-06,7.048927030648289,0.09875011564437042,0.24572775813041584,13.797495788646577,CMS-20230221-010908
5,"{""c_acid"": 10, ""pka_acid"": 29, ""c_dye"": 56, ""pka_dye"": 38, ""c_ec"": 0, ""c_peg"": 0}",3.791303064497235e-05,12.477594584440306,0.1340062293767539,0.8218299420687281,12.121351242520847,CMS-20230220-220506
5,"{""c_acid"": 0, ""pka_acid"": 49, ""c_dye"": 166, ""pka_dye"": 38, ""c_ec"": 166, ""c_peg"": 68}",0.9990525099386801,18.481359923747302,0.027120609368735987,0.23939881209579048,45.234631828349116,CMS-20230221-010908
5,"{""c_acid"": 92, ""pka_acid"": 29, ""c_dye"": 110, ""pka_dye"": 38, ""c_ec"": 48, ""c_peg"": 10}",1.5128450573721848,17.36540346772229,0.05702955870108243,0.24385093113530473,90.3399490263319,CMS-20230221-010908
5,"{""c_acid"": 4, ""pka_acid"": 29, ""c_dye"": 68, ""pka_dye"": 38, ""c_ec"": 8, ""c_peg"": 0}",2.8242382023520418e-05,10.522670400367765,0.10522982391217191,0.7326446849919117,12.33708939094302,CMS-20230220-220506
5,"{""c_acid"": 8, ""pka_acid"": 29, ""c_dye"": 72, ""pka_dye"": 38, ""c_ec"": 0, ""c_peg"": 0}",5.075735603419321e-05,14.65219527050643,0.10448260708668707,0.8237422327202849,14.096704480074699,CMS-20230220-220506
5,"{""c_acid"": 14, ""pka_acid"": 29, ""c_dye"": 62, ""pka_dye"": 38, ""c_ec"": 0, ""c_peg"": 0}",0.16284283229490745,11.522244441134875,0.12345499121102783,0.7488204067164324,15.731962277152512,CMS-20230220-220506
5,"{""c_acid"": 22, ""pka_acid"": 29, ""c_dye"": 30, ""pka_dye"": 38, ""c_ec"": 18, ""c_peg"": 0}",0.21823981357399982,10.78251214535347,0.12309163659913029,0.6907633401811072,16.268482281805728,CMS-20230220-220506
5,"{""c_acid"": 36, ""pka_acid"": 29, ""c_dye"": 206, ""pka_dye"": 38, ""c_ec"": 94, ""c_peg"": 30}",1.1014545988612088,26.76091163241503,0.01897693280291113,0.2782856126736608,52.008467550544,CMS-20230221-010908
5,"{""c_acid"": 0, ""pka_acid"": 29, ""c_dye"": 68, ""pka_dye"": 38, ""c_ec"": 36, ""c_peg"": 0}",3.558196605135253e-05,11.761273880415587,0.11382944768248686,0.7219847589629264,13.522377504656061,CMS-20230220-220506
5,"{""c_acid"": 24, ""pka_acid"": 39, ""c_dye"": 218, ""pka_dye"": 38, ""c_ec"": 88, ""c_peg"": 34}",1.0005329219605759,25.893791767894726,0.01805054429950348,0.281764689818206,49.397363094089656,CMS-20230220-220506
5,"{""c_acid"": 0, ""pka_acid"": 49, ""c_dye"": 2, ""pka_dye"": 47, ""c_ec"": 212, ""c_peg"": 186}",2.129702332056897e-06,1.2903456756425293,0.5940608906158448,0.2913309774113744,3.6632166996177262,CMS-20230221-010908
5,"{""c_acid"": 4, ""pka_acid"": 29, ""c_dye"": 66, ""pka_dye"": 38, ""c_ec"": 24, ""c_peg"": 0}",2.036194495601019e-05,9.227657981169065,0.10513183458229258,0.7067590820284009,11.948147781417545,CMS-20230220-220506
5,"{""c_acid"": 0, ""pka_acid"": 29, ""c_dye"": 62, ""pka_dye"": 38, ""c_ec"": 24, ""c_peg"": 0}",3.109415347447059e-05,10.97319729209778,0.139462253677491,0.748590589838769,13.90630095112745,CMS-20230220-220506
5,"{""c_acid"": 0, ""pka_acid"": 29, ""c_dye"": 46, ""pka_dye"": 38, ""c_ec"": 0, ""c_peg"": 0}",0.13096425984750673,13.281228909712963,0.1156900114102446,0.770502605535758,17.381205046710935,CMS-20230220-220506
5,"{""c_acid"": 64, ""pka_acid"": 29, ""c_dye"": 216, ""pka_dye"": 38, ""c_ec"": 80, ""c_peg"": 30}",0.8975563468589002,27.614405760722693,0.021102938908933926,0.3398087489550965,52.37548549765057,CMS-20230221-010908
5,"{""c_acid"": 54, ""pka_acid"": 49, ""c_dye"": 166, ""pka_dye"": 38, ""c_ec"": 38, ""c_peg"": 118}",0.2030769189469905,13.88340702253609,0.05052826348413364,0.3237657911651207,22.800369329260946,CMS-20230221-010908
5,"{""c_acid"": 58, ""pka_acid"": 39, ""c_dye"": 210, ""pka_dye"": 38, ""c_ec"": 86, ""c_peg"": 36}",0.4456578816759224,23.67449277160829,0.026747463533475162,0.41219211995001404,22.056465920980596,CMS-20230220-220506
5,"{""c_acid"": 10, ""pka_acid"": 39, ""c_dye"": 200, ""pka_dye"": 68, ""c_ec"": 35, ""c_peg"": 40}",1.9975292470336944e-06,1.140309479874314,0.484125111789558,0.2591143163727478,3.576305087740239,CMS-20230221-010908
5,"{""c_acid"": 60, ""pka_acid"": 29, ""c_dye"": 208, ""pka_dye"": 38, ""c_ec"": 84, ""c_peg"": 30}",1.2166400748942445,25.130895394269402,0.017679557159157477,0.24521915360799196,58.901995346693845,CMS-20230221-010908
5,"{""c_acid"": 254, ""pka_acid"": 49, ""c_dye"": 10, ""pka_dye"": 63, ""c_ec"": 0, ""c_peg"": 138}",1.9393523288079024e-06,0.859717808382042,0.8270544607888488,0.3093312174711233,2.712078591606781,CMS-20230221-010908
5,"{""c_acid"": 0, ""pka_acid"": 29, ""c_dye"": 74, ""pka_dye"": 38, ""c_ec"": 118, ""c_peg"": 0}",2.213010015712274e-05,9.454632412321295,0.10763260554476206,0.6747260260681293,11.274071504999348,CMS-20230220-220506
5,"{""c_acid"": 170, ""pka_acid"": 13, ""c_dye"": 230, ""pka_dye"": 38, ""c_ec"": 0, ""c_peg"": 0}",1.6806487575257303e-05,8.0565364537719,0.11114133283991738,0.6387957624836962,10.361387167576288,CMS-20230220-220506
5,"{""c_acid"": 44, ""pka_acid"": 29, ""c_dye"": 206, ""pka_dye"": 38, ""c_ec"": 96, ""c_peg"": 30}",0.9931964184941857,28.87047481797072,0.017864742344342727,0.30922246889247856,42.99367498157446,CMS-20230221-010908
5,"{""c_acid"": 92, ""pka_acid"": 49, ""c_dye"": 160, ""pka_dye"": 38, ""c_ec"": 28, ""c_peg"": 118}",0.3484134312800988,13.584160102529387,0.04100271378789281,0.23344302992042673,26.44400990774064,CMS-20230221-010908
5,"{""c_acid"": 52, ""pka_acid"": 29, ""c_dye"": 206, ""pka_dye"": 38, ""c_ec"": 90, ""c_peg"": 30}",0.6444729369099577,30.41312756789571,0.018049619144540063,0.37972196577715706,32.4393167069398,CMS-20230221-010908
5,"{""c_acid"": 108, ""pka_acid"": 29, ""c_dye"": 114, ""pka_dye"": 38, ""c_ec"": 6, ""c_peg"": 6}",1.3296641367776456,20.979047812866764,0.04841906435994695,0.3193525455171842,66.2624246260175,CMS-20230221-010908
5,"{""c_acid"": 24, ""pka_acid"": 29, ""c_dye"": 206, ""pka_dye"": 38, ""c_ec"": 110, ""c_peg"": 30}",0.8476803943897978,25.83330044018051,0.01934514447836681,0.34571629924529207,39.03623615647693,CMS-20230221-010908
5,"{""c_acid"": 98, ""pka_acid"": 39, ""c_dye"": 32, ""pka_dye"": 60, ""c_ec"": 54, ""c_peg"": 202}",2.21183153136e-06,1.4210609330996764,0.696928022943843,0.2932583055665287,3.9822606262376596,CMS-20230220-220506
5,"{""c_acid"": 22, ""pka_acid"": 29, ""c_dye"": 56, ""pka_dye"": 38, ""c_ec"": 0, ""c_peg"": 0}",2.767605688510093e-05,10.09384739145864,0.14428685971566904,0.7531594356583878,14.002511559340263,CMS-20230220-220506
5,"{""c_acid"": 42, ""pka_acid"": 29, ""c_dye"": 198, ""pka_dye"": 38, ""c_ec"": 90, ""c_peg"": 30}",1.1131413580754856,23.870763248655944,0.020271224596786614,0.261642315137014,54.18049654917346,CMS-20230221-010908
5,"{""c_acid"": 0, ""pka_acid"": 39, ""c_dye"": 108, ""pka_dye"": 38, ""c_ec"": 224, ""c_peg"": 0}",1.9765576198917336e-05,9.137121995477143,0.09579270361118826,0.6867955002868936,10.182555395772404,CMS-20230220-220506
5,"{""c_acid"": 0, ""pka_acid"": 29, ""c_dye"": 68, ""pka_dye"": 38, ""c_ec"": 32, ""c_peg"": 0}",2.3855597136512557e-05,9.889774592908866,0.12761826564282844,0.7184576502671346,11.454321976576358,CMS-20230220-220506
5,"{""c_acid"": 12, ""pka_acid"": 29, ""c_dye"": 70, ""pka_dye"": 38, ""c_ec"": 0, ""c_peg"": 0}",1.893102108819765e-05,8.37374902795768,0.13918578653591143,0.749620011290125,9.29305900187505,CMS-20230220-220506
5,"{""c_acid"": 0, ""pka_acid"": 49, ""c_dye"": 44, ""pka_dye"": 38, ""c_ec"": 228, ""c_peg"": 116}",6.9880659944878395e-06,6.044166211052601,0.14576571992475407,0.2809973288978454,10.920236813970183,CMS-20230221-010908
5,"{""c_acid"": 0, ""pka_acid"": 39, ""c_dye"": 102, ""pka_dye"": 38, ""c_ec"": 168, ""c_peg"": 0}",2.714183949531075e-05,10.481273835081039,0.07765989761618404,0.666387659090796,12.215639928054756,CMS-20230220-220506
5,"{""c_acid"": 26, ""pka_acid"": 29, ""c_dye"": 52, ""pka_dye"": 38, ""c_ec"": 0, ""c_peg"": 0}",3.78183188877901e-05,12.048834754329455,0.12568068276436303,0.7801943795894712,15.052879335353834,CMS-20230220-220506
5,"{""c_acid"": 0, ""pka_acid"": 29, ""c_dye"": 76, ""pka_dye"": 38, ""c_ec"": 82, ""c_peg"": 0}",2.900858460050084e-05,10.761407144538978,0.11410290807043515,0.7031507877431539,12.59144847390977,CMS-20230220-220506
5,"{""c_acid"": 50, ""pka_acid"": 29, ""c_dye"": 206, ""pka_dye"": 38, ""c_ec"": 80, ""c_peg"": 30}",1.2381169695781846,22.142403059719566,0.021197458907700306,0.23745308245009733,71.86051453044801,CMS-20230221-010908
5,"{""c_acid"": 84, ""pka_acid"": 29, ""c_dye"": 112, ""pka_dye"": 38, ""c_ec"": 48, ""c_peg"": 10}",1.567790360081105,18.61420291419766,0.08054931075955225,0.23014436860392237,93.1955943985929,CMS-20230221-010908
5,"{""c_acid"": 44, ""pka_acid"": 29, ""c_dye"": 208, ""pka_dye"": 38, ""c_ec"": 86, ""c_peg"": 30}",0.45881695038692355,25.69079517540605,0.02582230857001881,0.39359383958742855,42.66228246572848,CMS-20230221-010908
5,"{""c_acid"": 58, ""pka_acid"": 29, ""c_dye"": 210, ""pka_dye"": 38, ""c_ec"": 74, ""c_peg"": 30}",1.0303578636215076,24.70997453493796,0.017124309988589752,0.2812773850215459,48.27369522562768,CMS-20230221-010908
5,"{""c_acid"": 0, ""pka_acid"": 29, ""c_dye"": 76, ""pka_dye"": 38, ""c_ec"": 4, ""c_peg"": 0}",1.6130348393766005e-05,8.146985458708548,0.18730078329786903,0.7694907418579003,8.965582955707795,CMS-20230220-220506
6,"{""c_acid"": 4, ""pka_acid"": 29, ""c_dye"": 60, ""pka_dye"": 38, ""c_ec"": 16, ""c_peg"": 0}",3.739217361004807e-05,11.808692966642033,0.19537037037037033,0.84462027189601,9.96346740202091,CMS-20230220-220506
6,"{""c_acid"": 84, ""pka_acid"": 29, ""c_dye"": 112, ""pka_dye"": 38, ""c_ec"": 52, ""c_peg"": 10}",1.535384111552992,14.85148937682312,0.08250000000000002,0.23101692522209918,97.39145031523496,CMS-20230221-010908
6,"{""c_acid"": 90, ""pka_acid"": 29, ""c_dye"": 116, ""pka_dye"": 38, ""c_ec"": 46, ""c_peg"": 10}",1.4294797629343707,13.295092927414215,0.10129629629629629,0.22191067495594777,105.1967272730454,CMS-20230221-010908
6,"{""c_acid"": 62, ""pka_acid"": 39, ""c_dye"": 164, ""pka_dye"": 38, ""c_ec"": 138, ""c_peg"": 22}",1.0602017141714073,20.269802703222137,0.025277777777777843,0.23267798586244784,49.270154265600944,CMS-20230221-010908
6,"{""c_acid"": 80, ""pka_acid"": 49, ""c_dye"": 176, ""pka_dye"": 38, ""c_ec"": 8, ""c_peg"": 116}",0.45708488274352826,10.65361607410505,0.06851851851851853,0.1653452175556592,38.054219918951844,CMS-20230220-220506
6,"{""c_acid"": 88, ""pka_acid"": 29, ""c_dye"": 114, ""pka_dye"": 38, ""c_ec"": 54, ""c_peg"": 10}",1.0879251402283387,12.948756294252789,0.10592592592592594,0.2622896326685115,74.48074877196571,CMS-20230221-010908
6,"{""c_acid"": 14, ""pka_acid"": 29, ""c_dye"": 66, ""pka_dye"": 38, ""c_ec"": 0, ""c_peg"": 0}",1.7621251037066832e-05,8.580586412687902,0.22148148148148147,0.788129939620975,13.003227529707717,CMS-20230220-220506
6,"{""c_acid"": 4, ""pka_acid"": 29, ""c_dye"": 72, ""pka_dye"": 38, ""c_ec"": 0, ""c_peg"": 0}",0.055586919511840166,11.859353600763301,0.1633333333333333,0.8133013663039934,17.16273446506936,CMS-20230220-220506
6,"{""c_acid"": 0, ""pka_acid"": 29, ""c_dye"": 56, ""pka_dye"": 38, ""c_ec"": 64, ""c_peg"": 0}",2.6756123084008917e-05,10.017744225690864,0.1773148148148148,0.8050456106376122,9.473316142225315,CMS-20230220-220506
6,"{""c_acid"": 14, ""pka_acid"": 29, ""c_dye"": 50, ""pka_dye"": 38, ""c_ec"": 0, ""c_peg"": 0}",3.2708599453943453e-05,11.14325831999715,0.21203703703703705,0.8489825208934926,14.755910746355646,CMS-20230220-220506
6,"{""c_acid"": 18, ""pka_acid"": 29, ""c_dye"": 62, ""pka_dye"": 38, ""c_ec"": 0, ""c_peg"": 0}",2.6715698473940772e-05,9.85992546602962,0.18527777777777776,0.7871103565930914,10.31204718240185,CMS-20230220-220506
6,"{""c_acid"": 158, ""pka_acid"": 7, ""c_dye"": 46, ""pka_dye"": 38, ""c_ec"": 98, ""c_peg"": 98}",1.2287583159777397e-06,0.3144254115364642,0.918148148148148,-0.052108381973469196,3.540687458708458,CMS-20230221-010908
6,"{""c_acid"": 4, ""pka_acid"": 49, ""c_dye"": 160, ""pka_dye"": 38, ""c_ec"": 168, ""c_peg"": 68}",1.0446797836501318,18.397274543121767,0.029351851851851813,0.21199002278055754,51.16547945400108,CMS-20230221-010908
6,"{""c_acid"": 10, ""pka_acid"": 39, ""c_dye"": 200, ""pka_dye"": 68, ""c_ec"": 35, ""c_peg"": 40}",1.8803358289087962e-06,0.7462651981278473,0.6660185185185185,0.29777014382322015,2.4772895250284637,CMS-20230221-010908
6,"{""c_acid"": 0, ""pka_acid"": 29, ""c_dye"": 74, ""pka_dye"": 38, ""c_ec"": 12, ""c_peg"": 0}",2.1349614217591954e-05,8.702576999434408,0.24888888888888885,0.8177118161367306,7.46178352244858,CMS-20230220-220506
6,"{""c_acid"": 20, ""pka_acid"": 29, ""c_dye"": 62, ""pka_dye"": 38, ""c_ec"": 0, ""c_peg"": 0}",3.145592914920816e-05,11.07321712241705,0.1740277777777778,0.7834690228372402,14.776420017340856,CMS-20230220-220506
6,"{""c_acid"": 88, ""pka_acid"": 29, ""c_dye"": 120, ""pka_dye"": 38, ""c_ec"": 42, ""c_peg"": 10}",1.267187398328346,13.368706960402221,0.09185185185185185,0.26534291838927704,77.28702955722888,CMS-20230221-010908
6,"{""c_acid"": 16, ""pka_acid"": 29, ""c_dye"": 50, ""pka_dye"": 38, ""c_ec"": 0, ""c_peg"": 0}",0.022951733714241154,11.582391820170143,0.19416666666666668,0.7907429176250073,17.58170072424204,CMS-20230220-220506
6,"{""c_acid"": 20, ""pka_acid"": 29, ""c_dye"": 60, ""pka_dye"": 38, ""c_ec"": 0, ""c_peg"": 0}",3.305716706810352e-05,10.67366816760316,0.21740740740740738,0.84963657577615,9.304475405163258,CMS-20230220-220506
6,"{""c_acid"": 98, ""pka_acid"": 39, ""c_dye"": 32, ""pka_dye"": 60, ""c_ec"": 54, ""c_peg"": 202}",2.2723253981711996e-06,1.5510246519935107,0.7228703703703704,0.2913555472414145,5.052242286035441,CMS-20230220-220506
6,"{""c_acid"": 78, ""pka_acid"": 29, ""c_dye"": 198, ""pka_dye"": 38, ""c_ec"": 74, ""c_peg"": 28}",1.5294055198037864,17.043798997641865,0.031759259259259265,0.19321982867758639,96.25713650730177,CMS-20230221-010908
6,"{""c_acid"": 0, ""pka_acid"": 29, ""c_dye"": 62, ""pka_dye"": 38, ""c_ec"": 30, ""c_peg"": 0}",0.22343998117276964,12.499706338994018,0.1421296296296296,0.7518494364270799,18.010013454602895,CMS-20230220-220506
6,"{""c_acid"": 110, ""pka_acid"": 29, ""c_dye"": 106, ""pka_dye"": 38, ""c_ec"": 50, ""c_peg"": 10}",1.4925105647099652,14.964955618724417,0.0822222222222222,0.23179984161718903,92.49572749468166,CMS-20230221-010908
6,"{""c_acid"": 14, ""pka_acid"": 29, ""c_dye"": 68, ""pka_dye"": 38, ""c_ec"": 0, ""c_peg"": 0}",3.386224998185733e-05,11.130899423407422,0.15981481481481472,0.7885929883528018,11.68632811828614,CMS-20230220-220506
6,"{""c_acid"": 28, ""pka_acid"": 29, ""c_dye"": 54, ""pka_dye"": 38, ""c_ec"": 0, ""c_peg"": 0}",2.720717656578925e-05,10.222393300556654,0.2254629629629629,0.8516878853031428,11.430938115696108,CMS-20230220-220506
6,"{""c_acid"": 0, ""pka_acid"": 29, ""c_dye"": 58, ""pka_dye"": 38, ""c_ec"": 104, ""c_peg"": 0}",1.835870157096925e-05,8.714961557238725,0.19824074074074075,0.7601473490874945,9.308765387119811,CMS-20230220-220506
6,"{""c_acid"": 100, ""pka_acid"": 29, ""c_dye"": 110, ""pka_dye"": 38, ""c_ec"": 42, ""c_peg"": 10}",1.5273885959417963,16.588419227964266,0.06962962962962967,0.23182258742706877,92.91199663505552,CMS-20230221-010908
6,"{""c_acid"": 6, ""pka_acid"": 29, ""c_dye"": 70, ""pka_dye"": 38, ""c_ec"": 0, ""c_peg"": 0}",1.538231710521152e-05,7.257268551138519,0.213425925925926,0.702066249964882,8.463812716911448,CMS-20230220-220506
6,"{""c_acid"": 0, ""pka_acid"": 29, ""c_dye"": 68, ""pka_dye"": 38, ""c_ec"": 24, ""c_peg"": 0}",2.9002050546271407e-05,10.600933719073536,0.18694444444444439,0.7972455107263943,8.675368957044174,CMS-20230220-220506
6,"{""c_acid"": 2, ""pka_acid"": 29, ""c_dye"": 234, ""pka_dye"": 38, ""c_ec"": 0, ""c_peg"": 164}",0.03261413757489268,16.562000119844452,0.12166666666666666,0.27331135151599184,14.240898077475778,CMS-20230221-010908
6,"{""c_acid"": 82, ""pka_acid"": 29, ""c_dye"": 112, ""pka_dye"": 38, ""c_ec"": 48, ""c_peg"": 10}",1.3017192995574778,13.92692403991253,0.10055555555555551,0.2505332231404751,96.268591852151,CMS-20230221-010908
6,"{""c_acid"": 100, ""pka_acid"": 39, ""c_dye"": 160, ""pka_dye"": 38, ""c_ec"": 30, ""c_peg"": 36}",0.938903558479169,21.251286363887257,0.023055555555555607,0.27994740984676997,39.8739031326212,CMS-20230220-220506
6,"{""c_acid"": 8, ""pka_acid"": 29, ""c_dye"": 72, ""pka_dye"": 38, ""c_ec"": 0, ""c_peg"": 0}",5.237121599248728e-05,16.047569672569292,0.1425925925925926,0.81265396805677,12.486519843540501,CMS-20230220-220506
6,"{""c_acid"": 94, ""pka_acid"": 29, ""c_dye"": 116, ""pka_dye"": 38, ""c_ec"": 46, ""c_peg"": 10}",1.6505308939252232,17.93449029051862,0.04509259259259257,0.22591582499325455,103.7728601392143,CMS-20230221-010908
6,"{""c_acid"": 0, ""pka_acid"": 49, ""c_dye"": 162, ""pka_dye"": 38, ""c_ec"": 164, ""c_peg"": 68}",1.1556398401198509,15.3949769276609,0.03083333333333334,0.16794153730164352,70.33415313098978,CMS-20230221-010908
6,"{""c_acid"": 110, ""pka_acid"": 29, ""c_dye"": 104, ""pka_dye"": 38, ""c_ec"": 54, ""c_peg"": 10}",1.563835453750376,15.129562413677368,0.06740740740740743,0.21009861716554232,104.41587744474445,CMS-20230221-010908
6,"{""c_acid"": 84, ""pka_acid"": 29, ""c_dye"": 112, ""pka_dye"": 38, ""c_ec"": 48, ""c_peg"": 10}",1.5571641526551054,15.690377242371776,0.06037037037037037,0.2106223491912823,103.11499735246421,CMS-20230221-010908
6,"{""c_acid"": 4, ""pka_acid"": 29, ""c_dye"": 76, ""pka_dye"": 38, ""c_ec"": 0, ""c_peg"": 0}",3.8354789539023935e-05,12.690785964211557,0.15685185185185183,0.7749421880526088,14.802359425165129,CMS-20230220-220506
6,"{""c_acid"": 52, ""pka_acid"": 39, ""c_dye"": 168, ""pka_dye"": 38, ""c_ec"": 140, ""c_peg"": 22}",1.3322779183958884,19.3552044332934,0.026203703703703656,0.19400699108819108,75.82959056461159,CMS-20230221-010908
6,"{""c_acid"": 96, ""pka_acid"": 29, ""c_dye"": 114, ""pka_dye"": 38, ""c_ec"": 42, ""c_peg"": 10}",1.4119607025295167,14.620855003366627,0.09546296296296293,0.21409642037004542,107.98054874890896,CMS-20230221-010908
6,"{""c_acid"": 88, ""pka_acid"": 29, ""c_dye"": 112, ""pka_dye"": 38, ""c_ec"": 44, ""c_peg"": 10}",1.5248761739254124,15.308304537466313,0.08592592592592585,0.2173400270246986,102.28867573946012,CMS-20230221-010908
6,"{""c_acid"": 112, ""pka_acid"": 49, ""c_dye"": 162, ""pka_dye"": 38, ""c_ec"": 8, ""c_peg"": 118}",0.3199659644478428,8.31784850861026,0.07712962962962959,0.12302369452460282,49.00812375213459,CMS-20230221-010908
6,"{""c_acid"": 16, ""pka_acid"": 29, ""c_dye"": 64, ""pka_dye"": 38, ""c_ec"": 0, ""c_peg"": 0}",3.362966312473973e-05,11.722974808933266,0.14638888888888893,0.7510183493164749,11.248061159176892,CMS-20230220-220506
6,"{""c_acid"": 0, ""pka_acid"": 29, ""c_dye"": 56, ""pka_dye"": 38, ""c_ec"": 30, ""c_peg"": 0}",0.06374837576465098,11.84564405764448,0.1495370370370371,0.7180885342783924,16.350961576801552,CMS-20230220-220506
6,"{""c_acid"": 86, ""pka_acid"": 29, ""c_dye"": 120, ""pka_dye"": 38, ""c_ec"": 48, ""c_peg"": 10}",1.3504308195638302,14.989671246728749,0.07407407407407411,0.2154956228181235,97.62947764930016,CMS-20230221-010908
6,"{""c_acid"": 38, ""pka_acid"": 39, ""c_dye"": 178, ""pka_dye"": 38, ""c_ec"": 154, ""c_peg"": 24}",1.3742083791797686,17.317489636986483,0.027685185185185184,0.16354715242641185,85.9476927107052,CMS-20230221-010908
6,"{""c_acid"": 108, ""pka_acid"": 29, ""c_dye"": 114, ""pka_dye"": 38, ""c_ec"": 6, ""c_peg"": 6}",0.7073346377828348,9.74651944847132,0.20259259259259257,0.36224559926537175,73.43983114285832,CMS-20230221-010908
